country,unit,variable,1990,1991,1992,1993,1994,1995,1996,1997,1998,1999,2000,2001,2002,2003,2004,2005,2006,2007,2008,2009,2010,2011,2012,2013,2014,2015,2016,2017,2018,2019,2020,2021
AGO,%,Share of renewable power,,,,,,,,,,,,,,,,,,,,,,,,,,,,,,,,
ARE,%,Share of renewable power,0.0,0.0,0.0,0.0,0.0,0.0,0.0,0.0,0.0,0.0,0.0,,,,,,,,,,,,,,,,,,,,,
ARG,%,Share of renewable power,34.9891857318633,29.710293540326514,34.389725882627644,38.572447578123366,41.732447033987896,39.635244012089224,32.54642084655608,38.80355692263871,36.0187615482018,26.86688806892486,32.58791679436215,41.040038140264286,43.010125147242604,37.757336976771114,31.320740279994308,33.29021104516057,34.500107638126174,28.498296785037347,26.617205962411383,29.30204972777217,27.642779443455584,25.20345385568392,22.80832198656766,24.990042757237212,24.92580643567609,23.69857639035205,21.36872590434878,23.08176183905922,24.11149394362078,25.048440741447415,25.365252395132735,24.15928572228659
AUS,%,Share of renewable power,9.970222320731624,10.36850285034201,10.299596345736228,10.323704140401796,9.91486548040613,9.407731224800186,9.408694976322261,8.989149616757375,8.488752751026466,8.457536146776576,8.08782496806239,7.697554123653876,8.033125543635835,8.262625225489971,8.450440314104034,8.979734943575993,8.881514192031252,8.34336685516529,7.787761303398242,8.06590025808122,8.826126966784173,11.947717807144363,12.075899304109441,14.235698306360197,13.228230705353337,14.0926583859176,16.163205004332486,15.133101704440174,18.845338869149487,20.781139418621134,24.235710818794928,28.9135364754738
AUT,%,Share of renewable power,66.23556678026615,63.71966173709569,70.95751336636245,72.59107390208325,69.30021795144175,68.9870880577229,64.95788331689833,66.06621930173078,67.7123065080973,69.49180461884427,70.93012871406708,67.6864292239746,67.10121288319058,58.716586975981954,62.02748863222318,61.178959509876094,63.20133408090507,66.70271265586233,66.76467630277364,68.31048166661404,63.272377359889745,62.1359327836277,70.59590803886964,73.79852337527306,76.46857362561221,72.6528902169768,74.58087499943302,71.59914501181403,72.96449802755896,73.6134165283658,76.39032288611396,76.0008523888769
AZE,%,Share of renewable power,7.1613683483068415,7.502505383910105,8.841447987612968,12.734239672458141,10.414888168004097,9.129312367988735,8.996195493122622,10.168686148728915,10.841900527924423,8.285651408450704,8.203208556149733,6.858558701038536,10.801561413828138,11.603871088978671,12.670161883738043,13.157572577824414,10.259544472965814,10.820707648647412,10.313279733850846,12.24495203773385,18.422726422405734,13.185307828006584,7.921489814295223,6.669949473323629,5.628910088685968,7.038351237058281,8.434490580253197,7.77458893379768,7.812613955258193,6.951087144122823,5.081059324821685,5.4515989086046
BEL,%,Share of renewable power,0.7825388096950212,0.7451067615658362,0.8542748355832469,0.7157579693367592,0.8312667119245208,0.8977529297924955,0.7371975978659376,0.745880532264407,0.9124460526790329,1.0057505265399815,1.2426796171975432,1.3467633830696182,1.3866380728411458,1.4084839891291505,1.7479537148395081,2.4199942545245614,3.447913381688216,3.9247033392627952,5.201931002001648,5.9615279223982025,6.822635807833617,9.28285383216446,12.611798018677378,14.049967843425629,16.847404311512946,20.744187914764687,16.65508279064334,18.250144603267515,22.902762377926567,20.800236651509294,26.189799639776705,22.733336302274413
BGD,%,Share of renewable power,11.433005690636316,10.133010882708586,8.949853834045424,6.604388442320226,8.65699100572363,3.4425319267073853,6.440648422520481,6.063417102378141,6.714795839155411,5.764705882352941,4.749223257878384,5.709521619135235,4.013372550910523,3.80410796990803,3.0419406195690484,2.844569458306869,2.5594149908592323,2.449090135286759,2.8277169420582364,1.2045731854806199,1.910806191756404,2.1223668291138527,1.8022276108667954,1.5962483632275295,1.296425903486848,1.7862210432556627,1.5896391060683406,1.7589298776996622,1.4163520123514854,1.2923123195273944,1.2334411102941059,1.164562494487142
BGR,%,Share of renewable power,4.456467573147291,5.973765356566002,5.793316484133671,5.110929810248177,3.849684000734272,5.537342362822752,6.833505009832382,6.434128448940495,7.424899906499485,7.197761974482327,6.531619587528101,3.9506004366812224,5.14070151596804,7.110328638497652,7.613944883592418,9.786994252225853,9.28822284754488,6.746425849366008,6.576814619090969,8.65375663346057,12.406490472209718,7.746520463806918,11.255255762851528,15.820192307692308,15.56026534695167,17.80731494271553,15.695858824568768,13.451682112705818,20.02754618608514,17.087726727202735,18.41670054076539,19.250160008807246
BHR,%,Share of renewable power,,,,,,,,,,,,,,,,,,,,,,,,,,,,,,,,
BLR,%,Share of renewable power,0.05059960532307848,0.046469601135923584,0.0452187790929645,0.05693907518954718,0.06051533586011403,0.0802632635042941,0.06743088334457181,0.08059254710826266,0.11918951132300357,0.071654849901946,0.1034443124784491,0.1196983601324662,0.10961596613244633,0.10515642017501034,0.10896831565794113,0.11950518394108717,0.11945553424915913,0.1570894467309686,0.20825012837336682,0.3486268705804966,0.3725995987388937,0.43784740552122475,0.5617977528089888,0.7251944753135418,0.6074214814175086,0.7390745501285347,0.9978553556535206,2.0218990788482705,1.6697921750969762,1.9925341771526044,2.6444358278402484,2.6233524072880923
BOL,%,Share of renewable power,,,,,,,,,,,,,,,,,,,,,,,,,,,,,,,,
BRA,%,Share of renewable power,94.50092165646632,94.62628939392468,94.4203001936468,95.25633472668856,95.40556887148425,94.15725039272445,93.5611399999743,92.97818792283425,92.92323180968067,90.03716229517626,89.4928702398642,84.28764073690016,85.73829976921927,87.16352972633204,86.03197424844447,87.12498829211607,86.76739062794296,88.22697825800475,84.357985385885,89.04745335307608,84.80222173213609,87.19498267996929,82.56278419331038,76.82513907155428,73.27920629474194,74.20629801806203,80.46659791339391,79.24689924874508,82.35663101296161,82.29518967696016,84.17240562191289,77.45333657610341
BRN,%,Share of renewable power,,,,,,,,,,,,,,,,,,,,,,,,,,,,,,,,
CAN,%,Share of renewable power,62.347785186419436,61.39350446529232,61.64369050889433,61.68844039060685,60.328489489190694,61.172180197397786,63.36158105524695,62.3608152113179,60.48657277518207,61.29029892493626,60.60744934957613,58.10958448014386,59.97887726585388,58.86237032498176,58.338600191351645,60.06571347063721,59.87908903345639,59.86359338702577,61.29584884774138,62.61093147679067,61.066651042703654,62.150932496023124,63.36939589560499,63.36448767548759,62.88816202566253,64.00882969694149,65.04862154893655,66.29243585202566,66.08210967884204,65.92292600491348,67.14299387862096,67.20800395474214
CHE,%,Share of renewable power,53.979501482490065,56.00607620227977,55.76750115956506,58.93238677954472,59.91987765764863,56.872489088950715,51.23116348528208,55.18649172266912,53.999883534841764,59.41687236744272,55.97006913109773,58.43425372325836,53.933313457251266,53.166887584269794,53.13430969119973,54.26008263876629,50.321475280117745,53.857140921471924,54.296526656505684,54.2492084483701,55.09500622353887,52.47444578461876,57.86446484707872,57.75753259986287,56.50166979418832,62.004841380975364,61.08765037982867,61.054460558816714,56.917087179916734,58.15012979989041,60.03911188010903,63.83318738369348
CHL,%,Share of renewable power,53.8342645939776,70.97457295997596,82.6986577181208,78.98771915212592,74.26599145434405,72.40424947372178,60.444506511643006,62.135492010092506,48.17088322298916,39.14912463526469,49.56867306387516,53.20553683635371,54.90096942252314,49.818599217004525,46.24832960446005,52.74220409215206,54.10987412376992,42.94938986003587,46.709524667053365,47.989334482234476,41.572115811151335,38.57859795204217,38.07482549443106,37.48926855570958,41.80158927754751,43.819450533891946,40.40621838005029,46.17553769508673,50.09807312478676,50.44615174920206,52.1773576563467,51.354554219984564
CHN,%,Share of renewable power,20.41403618834514,18.413997861264853,17.366553111786082,18.75075910398108,18.13729331580082,19.28613463511514,17.534836392338924,17.516708185284667,17.287022755441303,16.105118806907125,16.639045366627325,18.958253157343115,17.617979065114874,15.036152451330098,16.222219196481657,16.173080423875916,15.588574001143165,15.258637996399877,19.025276334759823,17.88586108977667,18.69156366765229,16.81272661960412,20.04132139347692,20.129911032313476,22.24944891298701,23.9683586395768,24.828811200099132,25.241536637359648,25.610914910454497,26.848571412959515,28.087378166513695,28.737517403403928
COD,%,Share of renewable power,,,,,,,,,,,,,,,,,,,,,,,,,,,,,,,,
COG,%,Share of renewable power,,,,,,,,,,,,,,,,,,,,,,,,,,,,,,,,
COL,%,Share of renewable power,72.60907104253754,69.77226433639609,61.78276297505364,67.74923531459568,72.18858191539105,68.37410910137346,73.97724751155589,64.03747207257763,62.27471515599105,71.49734726602249,66.93764912030994,66.65143718284051,68.53990331762046,70.38114838882427,72.17315877468428,71.17165866322823,73.03806196785861,74.02310880503816,76.13064822884581,66.31269978359609,64.49765331358522,75.34952730309821,72.52939649982379,65.54874877217824,63.976137332039194,62.07870309301774,65.59465340681373,79.12716862028178,75.050582145391,70.6302574841153,67.07633483037719,76.16758747946145
CUB,%,Share of renewable power,,,,,,,,,,,,,,,,,,,,,,,,,,,,,,,,
CYP,%,Share of renewable power,0.0,0.0,0.0,0.0,0.0,0.0,0.0,0.0,0.0,0.0,,,,,,,,,,,,,,,,,,,,,,
CZE,%,Share of renewable power,1.8558184143222505,1.7991673275178428,2.3645286964734455,2.700315886009307,3.013371944468103,3.9558236231860238,3.5186827894237203,3.3948419455710708,3.0540582165408896,3.654238545724356,3.0966705686984457,3.440450546035217,3.913134594226437,2.255168419711967,3.0947884045528977,3.6929301295977415,4.163836564095452,3.8552175661582435,4.476317226317226,5.676004863221885,6.853124734429879,8.39901622419216,9.344493837761794,10.796967549494688,10.661988944623118,11.232643607459432,11.278314180108735,11.050940053494122,10.68472039299866,11.523910576891023,12.48342289065493,12.268759297327444
DEU,%,Share of renewable power,3.426441171122023,3.2323748384923237,3.804404479884169,4.0268023478613895,4.354842250030844,4.677536832575476,4.161442020449854,4.386193610996445,4.706245502201117,5.244103461974722,6.557377049180327,6.649831793357329,7.857708992048544,7.665836265773394,9.38525069870366,10.188671420383507,11.345317484441996,13.959456372467937,14.726137496215324,16.12460521999322,16.66207518747175,20.30107160007397,22.802017305938577,23.829691966567093,25.737277726989245,28.980132394576525,29.03906894890641,32.97671301030113,34.68972309415555,39.59036087799932,43.60859625203503,40.4943704872421
DNK,%,Share of renewable power,3.2655573456855285,3.0664605027298477,4.763875973804529,5.268626846631264,4.336186314036612,5.0580637862916475,3.8795038508174096,6.610874944287856,9.54923666325359,11.25359159724035,15.45737755184853,15.496862560001667,17.282800258953237,17.490145205434246,23.546587690112595,27.07655917067107,20.182147054365352,26.216037597438895,27.57470202786671,27.65852081141751,31.984723464348363,40.25409930231516,48.32686072411584,45.960688162227385,55.90288836030706,65.51390315375204,60.224979345414944,70.2647534949904,68.35614662925539,78.17394486222126,81.61797842591952,78.04826290044964
DZA,%,Share of renewable power,0.8383010432190761,1.689247621793024,1.0882642458711582,1.8182754713093643,0.8348840718201479,0.9789500380421,0.6536264161905685,0.34888589105456574,0.9242541483965265,0.8199701094639901,0.2124980324256257,0.25915492957746483,0.20616319444444445,0.8974532646979139,0.8032257032225031,1.6373286156567892,0.6177080080619979,0.6057357276869472,0.7033327534358922,0.7932826127296344,0.39816333224007866,0.7463517918378114,0.7242939770371274,0.21305727166471863,0.3953861241263367,0.32268379894764376,0.4733327534966266,0.7616717313232568,0.9522194539738857,0.9530584959583942,0.937776750261827,0.8115954413925544
ECU,%,Share of renewable power,78.54468145254607,72.77873923869443,69.11564801873389,78.39560104462035,80.614931226214,61.22669552777753,65.53655990970991,63.06055905965068,59.74182562042872,69.62206925454015,71.71990661087534,63.98895810898823,63.29521901606665,62.188939523778764,58.919598540124966,52.11501256074056,48.12871227767377,53.39777626020322,61.82309513005796,51.7127746285266,45.491871560577444,55.56178065515008,54.870552404695786,48.988896810167525,49.17713852179486,52.55793573193864,60.21247405072193,73.59328731836973,71.53081871316624,77.21049462399692,79.74496919641871,81.00263049385723
EGY,%,Share of renewable power,23.724450271139975,22.91339310472317,21.784070953831108,21.594240109549176,22.096807415036047,22.09586985706389,21.437371663244353,20.729430825584675,19.94250127683411,20.466145853142756,19.447482917115618,18.080718599969025,16.475717797671503,14.347003086135174,13.573776779318475,12.534966769621628,11.99215000932926,12.414708633137469,12.444299429946454,11.031652065941218,9.962384616014246,9.848296054094567,9.130875337824454,8.989564544074993,8.616660672607884,8.590162980830938,8.410495044312103,8.022373487670336,8.201128415728263,10.245254763543425,12.380204743328967,11.969388659087436
ESP,%,Share of renewable power,17.098472880463405,17.873258150028562,12.352726218828364,15.995739741578335,17.920518016904747,14.608133584702395,23.651642562753292,19.431080484884138,18.904353795163136,13.119630032957385,15.952100930182828,20.94575988273323,14.238068606279317,21.61417881538928,18.128832493473375,14.19424164419523,17.39165280811076,19.081009139425408,19.859573301716612,24.878385131990786,32.153520589002994,29.55303041311505,29.22463248678865,38.89408327335892,39.55839796584557,34.54831628561425,38.089765890278166,31.871396770291092,37.948182899013304,36.007554795942475,43.19152003909553,46.05878160726755
EST,%,Share of renewable power,0.0,0.0,0.0,0.0,0.0,0.06902105142068332,0.05492694716027684,0.08678672163159037,0.14082854125102687,0.19358741681790684,0.2114413250323035,0.21216407355021216,0.40342441655916506,0.44394133280834713,0.5881211180124224,1.067123958843704,1.318466755729113,1.2223133716160788,1.8807296096777244,6.162870159453304,8.069268744214748,9.161560536725355,12.34478148240996,9.215819209039548,11.038084525148642,14.658730920610541,12.519942481511915,13.689148936170215,15.713377547719181,27.29481286933683,46.63664573155376,46.48142309528208
FIN,%,Share of renewable power,29.510039754235546,31.38714376338556,34.806934071051046,31.87291040983385,27.85176071996308,30.32988635922857,25.651838172976966,28.668314739393097,34.47551586149959,30.381387867083276,33.01300623747065,28.648745105414275,26.17388323639853,22.346489803461267,29.563231864963562,32.770545937644386,27.025931710607786,29.691092752090913,35.64913780593355,29.945363882514602,29.79675946687479,32.662586621095755,40.34713072660107,35.747166525315386,38.399888603570474,44.00498754135,43.529808988260896,45.985639734448945,45.13365007518559,45.747676767887654,50.73327728431286,52.08716199765052
FRA,%,Share of renewable power,13.257074023828821,13.105879554389698,15.333476606584004,14.146836238938706,16.976937538270548,15.265774489453218,13.338010763579133,13.165111872734117,12.668223366635633,14.341504648102148,12.853358480537233,14.146455886929038,11.484571256600319,11.12412493516666,11.138403004595387,9.777506719762803,10.843845476099771,11.567515199168785,12.865886387876168,12.997423204593078,13.735705879253105,11.398709700257529,14.907099957730404,17.28455698346824,16.69805700664806,16.09547103687984,17.804049406902323,16.776705026794488,19.758004467855656,20.100457470214785,23.776226789223674,22.063481193293768
GAB,%,Share of renewable power,,,,,,,,,,,,,,,,,,,,,,,,,,,,,,,,
GBR,%,Share of renewable power,1.7895846299638145,1.6206271777003487,1.9676491934102285,1.7697507288719974,2.1373538544454584,1.9813646924937172,1.6212866983785879,2.0455132647212317,2.3845576270812594,2.611889489367135,2.629379046276801,2.481335076960815,2.87403238469089,2.6851219203018806,3.5923562672873603,4.253728270413666,4.5603103288937765,4.961728085272661,5.632217187442952,6.700346953419362,6.852248479427433,9.568998762422833,11.335809217064769,14.852422137480561,19.08405204644941,24.600146957821302,24.472941114297,29.242341831821584,33.05904647756099,36.9180360777144,43.142639649226275,39.329697247439945
GNQ,%,Share of renewable power,,,,,,,,,,,,,,,,,,,,,,,,,,,,,,,,
GRC,%,Share of renewable power,5.059566322886609,8.658866891910758,5.912857524726009,6.06834045213043,6.491396499519977,8.577410892637962,10.301478017717413,9.008159981611309,8.180621209177836,9.582829504232166,7.696450792117823,5.459556085207805,6.550322297099326,10.075583980300284,9.970343409833855,10.673108963678773,12.632219645001562,7.23510142371173,9.019749329401245,13.33822211358266,18.333565653749652,13.700450905175316,16.65217605275677,25.106732922732363,24.125292229662797,28.627057870995102,27.357760723289744,24.97198417640879,30.31840899795232,33.05742190426515,36.294524789954316,38.79527455571421
HRV,%,Share of renewable power,43.495656149977144,65.7756403086903,48.92159065378567,47.77289836888331,62.01983358030321,61.319534282018104,70.46451266445897,57.133099141295865,52.582446344442516,56.46814084290007,57.21124013828561,56.06214380513702,45.81114938928907,41.186236039843045,54.56040028591851,53.63926454946056,50.94657775733885,37.31214100243922,45.31843922116205,55.652296276477145,62.39441997047377,46.505024742811926,48.926080892608084,66.00693110589239,73.31415080419063,65.85986143997194,65.24180967238689,59.37914632619853,71.75407322637675,65.41225519776181,63.88052565127415,68.93441400154843
HUN,%,Share of renewable power,0.6857504571669715,0.7275639955945666,0.643837778128452,0.6228163451313992,0.6146501566462779,0.6437768240343348,0.7324023938444,0.7599514083114389,0.578112395805324,0.6502431803764008,0.6905174618510413,0.7057531237127558,0.6554747351826756,0.9840386586615903,2.7767888928444284,5.229891486743483,4.1635293789564685,4.712212212212212,5.888819487820114,8.062270246184694,8.062401327232346,7.51825425469891,7.643080698715174,9.202828943025022,10.715029078665445,10.63570487483531,10.21252586044762,10.578763481695276,11.747279134312533,13.67705812020647,15.828800458058975,19.186320653606334
IDN,%,Share of renewable power,23.010492010803656,22.204845177353903,26.638682267431392,25.14151633585956,20.873459178434615,19.411616996359786,18.970044044482073,12.157131132073069,17.79830182034251,17.05412001314264,15.95304222599393,17.40098722587169,14.948048731805041,13.632082736595756,13.599266254184334,13.593517757806472,12.243239060567863,12.864987908679677,13.293412039652416,13.21079863533295,15.822642635822548,11.992913700798168,11.224610305253856,12.26054699656633,11.12630556278088,10.371604257729592,12.079277889687631,12.571182170044937,17.043642624895703,16.2615999605753,18.127497323184457,18.167391526832798
IND,%,Share of renewable power,23.097130267348348,23.131565180419965,20.841737505686684,19.62561496898768,20.822306700670772,18.022326751199415,15.951550131236425,15.386590472754941,17.0291005992756,15.599826134625369,14.0473168973135,12.99934598131851,11.93846778503948,11.69499240565194,15.637093297198962,15.253782377863798,17.13384393765287,17.80285035070132,16.768462995419185,15.269400985384626,15.212091697579607,16.791005407992028,15.134478989313473,16.39429407738406,16.006417076425144,15.370095074956774,14.853468365480285,15.965377518814067,16.693336801859882,18.689340388944363,20.19805574235722,19.372233782862835
IRL,%,Share of renewable power,4.8066944583993365,4.928736827899624,5.1378655067894226,4.761354934865006,5.495080069081859,4.085832631296836,3.9826158360145656,4.053916613858801,5.530873952404421,5.106077907339696,4.941395226480386,4.114813028157256,5.480594838434143,4.5091831954496255,5.4463588497179956,7.211019280993773,8.99878550269557,9.726929602143379,11.855269931777773,14.493950595295008,13.001447794539597,19.740828056817286,19.031166659405255,21.507429634411263,24.267287791709098,27.681952507457257,24.712246038529816,28.758066825992902,32.76904862712898,38.10884665459341,41.758366820758525,36.49805454731733
IRN,%,Share of renewable power,12.802011967739139,8.926353997516477,13.700913989699009,14.103044747342203,8.513159843958322,9.86686899102581,9.821707154000446,6.1258158646360705,7.313571323924403,4.703509919337258,3.198629218755237,3.2567416126580095,5.818267317778984,6.340861881367667,7.360326871678289,8.199201477323424,9.63366592565786,8.91050602812963,3.6269479285442796,3.133895684085714,4.426279589784497,4.634658811144879,5.148941131068196,5.741891119249611,5.351887326396447,4.785503750383603,5.453497027709922,5.787132492692454,3.4686268608932287,11.009661476707905,7.406978038010907,4.6659106582373715
IRQ,%,Share of renewable power,16.389647997837958,16.057544104119412,23.818043945857465,22.745762559200802,23.432074351225875,26.868919713269655,24.977062382237587,24.75581280040946,23.174026824625187,14.396940108680607,11.75545779905179,11.66596558561492,12.875138286524992,17.875566079325207,18.731621589854477,17.26630241441865,16.31441184615976,14.116460747063117,8.304854198489867,6.853913474624712,8.668637881255407,8.051592678737778,9.204699204008367,7.4949408974651295,4.064049202542068,3.45634601456238,3.9720298136691436,2.386767120884762,2.1889831740511907,5.037067682565734,3.2779378239289745,3.0100396416003665
ISL,%,Share of renewable power,99.76128939703088,99.8984682788509,99.8930802922281,99.87287324263463,99.89312266002844,99.78912175329798,99.8789289615049,99.90772352346775,99.90164911254533,99.90988292296701,99.93834239507365,99.9550520700839,99.89928161623443,99.9244859609157,99.93255113442709,99.92169150114646,99.96727487787162,99.98871844983107,99.98553856638637,99.9825830887437,99.99009993694062,99.98777691186208,99.9836251353016,99.98466084228765,99.98653642878574,99.9791251360152,99.98553543322411,99.98916050936035,99.9905440895567,99.98634242127036,99.98396566305425,99.98652749870158
ISR,%,Share of renewable power,0.014355715488859963,0.027888686954137053,0.11747454043149616,0.10000115385946762,0.08122702246456913,0.08213687288497552,0.07368879991648603,0.07120275697074992,0.06583035780116073,0.08412465744694411,0.0721643484839667,0.04562231113503748,0.0704412926857724,0.09139679813635551,0.08046031552822197,0.07826076486854198,0.04825211537273794,0.043551556877425956,0.05731531483123326,0.1790002025052796,0.29066785213555385,0.507788051629055,0.7686749092757145,0.930264395222209,1.559588001363111,2.048166738431262,2.6911880625197617,2.692304852203835,2.9112756160633455,4.567870520103385,6.040819036894289,7.706943555003491
ITA,%,Share of renewable power,16.092377826650253,20.509220724100505,20.229098443708757,20.298597044724133,20.810652654193433,17.168144924631438,18.905263043220405,18.374943331397986,17.89221630652792,19.31626119394558,18.392865534705326,19.479560565601535,16.988688506721143,15.948139451789087,17.760392455517422,15.951091967649306,16.121160061294475,15.200700860146544,18.22548804562404,23.666015131115834,25.479719077726372,27.419052589170306,30.815177566920692,38.64998730172752,43.125843150358165,37.97681222923453,36.64894905652174,34.503512152249606,39.506275965764196,39.6509549666296,40.83062418413652,39.86642031608877
JPN,%,Share of renewable power,11.144200340328984,11.63914274396112,10.024860409233552,11.247434853358644,7.919253219677539,9.212627176321622,8.97960650750541,9.76191143502859,9.94674212084408,9.316030572436249,9.187488232389505,9.07706276923986,8.94285460451227,10.26312769141356,10.027896902674204,8.914315754920379,9.830878402333324,8.622949898695799,8.61659380427804,8.731106280683266,10.22790357631293,10.278200773784778,10.057937397385722,11.082432961629523,12.599488611779625,14.951085285865023,14.66179176716037,16.001701017445637,17.07174982510752,17.57613873190109,19.57655297394378,20.388910104000395
KAZ,%,Share of renewable power,8.429943121344945,8.37306663565531,8.255777601423658,9.794707853483803,13.745750782455039,12.482955992747867,12.47893509455802,12.498076923076923,12.331325301204819,12.964059196617336,14.585140445786063,14.591106106529203,15.23994353689457,13.504041954003501,12.03522673612426,11.566550317950618,10.83889572317519,10.66471602167057,9.284422876774453,8.737686208375429,9.706428531398355,9.10483775029572,8.431324983271715,8.35290055688937,8.74582785455252,10.308852277341254,12.664526497980017,11.29154360684031,10.166369258370745,10.421347465445734,10.984515414079961,10.549730498420296
KOR,%,Share of renewable power,3.954849365986443,2.6494059877639327,2.116541351021629,2.6130476528207667,1.2810979110294294,1.4797225783311934,1.2532258802744896,1.1744278767512888,1.831140598561183,1.623740665468365,1.4152597018812798,0.7863256708713277,1.034182581257441,1.468325620607395,1.2665319215243724,1.046884418402989,0.9873126826393167,1.0489884807780057,1.0039373281851736,1.0175280174685302,1.6483958289880858,2.3525302235289733,2.36951485012291,2.689827225524343,3.2286812939898484,3.553049259679053,3.8828045586778055,4.676199741196632,5.150253577898953,5.677333753618968,6.072589537292616,7.203568769403317
KWT,%,Share of renewable power,0.0,0.0,0.0,0.0,0.0,0.0,0.0,0.0,0.0,0.0,,,,,,,,,,,,,,,,,,,,,,
LBY,%,Share of renewable power,,,,,,,,,,,,,,,,,,,,,,,,,,,,,,,,
LKA,%,Share of renewable power,99.8412597625246,92.28628112877914,81.92502189451083,95.40804785482695,93.2154320312215,94.03552189183446,71.81821394181928,67.01613937954176,68.98116252803771,66.56838118059149,46.0283740763591,45.909317428575626,38.08288425725865,40.91831132882453,34.03191730561604,39.203735870039395,48.988191168574104,40.05687981285907,41.531675510432585,39.2956591247717,53.12067673140915,40.65435440224762,29.259230745308727,59.89351067959874,38.11608247302502,48.61162148879059,32.94502176680138,31.299211810167048,44.06706707941246,34.47020993539073,37.15910482348459,49.74869116896078
LTU,%,Share of renewable power,1.4574898785425099,1.151108537955931,1.662479285828834,2.7862460120524637,4.520904180836167,2.695086705202312,1.9417475728155338,1.9850615705537984,2.36528644356211,3.0587366087920205,2.9698030634573302,2.2222976182398044,2.0156876022797814,1.704125615763547,2.2190515720659953,3.1080267581150274,3.491455627748981,4.1457842507317775,4.2969307637401855,4.453820909517112,15.847336742859133,23.06288369006139,23.455100745676667,32.042423606006516,34.344651913848395,34.050963936021404,49.12675528049324,60.60852120748949,62.817920309874395,62.16889918420788,46.67149977344812,50.665351859171004
LUX,%,Share of renewable power,5.991648511256355,6.92409893992933,6.825542570951587,7.658106841611997,8.812554489973843,8.739268292682926,6.007006369426752,8.168174603174604,11.04331321009296,11.922607259434368,14.630911153391393,10.344163931412725,4.090146301054169,3.897308847187652,4.724683276260542,5.062842642372242,5.668104761219076,6.611655343011049,7.938565530091865,6.905256036091368,5.837854226145413,6.6133913553102515,8.070688474872629,12.81255105346665,13.410878518277183,15.573880726515501,20.804839869310786,26.858914359652587,31.09975019514584,41.73344353766383,43.68702999819598,45.76964222777804
LVA,%,Share of renewable power,67.62936221419977,58.02622253720765,65.75378195096505,73.29255861365954,74.43693693693693,73.81251570746417,59.53294945617402,65.57922769640479,74.48680351906158,67.12895377128953,68.27852998065764,66.33177570093457,62.51572327044025,58.81761006289308,68.15952228620176,69.60864247859763,56.98221222653854,59.27478516034375,60.90254076602199,63.79960495600646,54.85136562547156,50.5119789957335,66.42127452570132,56.90449347721051,53.76774946508461,50.31989878908368,54.20049805447471,72.52108531601053,52.0246844736891,49.57935879882921,63.76234031236806,63.114023341023085
MAR,%,Share of renewable power,12.671375155795594,13.3188484519283,9.91871591727544,4.470232088799193,7.323452484742806,5.052927555408535,15.608550007975754,15.324063856396677,13.702961135101788,6.397828615742536,6.079452693772837,7.098896716735345,6.80326379038613,9.955282820823244,10.188663517627976,5.937682576863796,5.700459684123025,5.81401570422882,5.78402241955923,13.666405037104079,17.42444501211819,10.63946824370159,8.529389818681418,14.224400566131001,12.163536417507729,14.544715216956183,15.162456048964708,14.65311590752548,18.826893063731927,18.789027867463137,18.141401327643354,18.87930804318761
MDG,%,Share of renewable power,,,,,,,,,,,,,,,,,,,,,,,,,,,,,,,,
MEX,%,Share of renewable power,25.17778377991009,22.136203672326502,25.086411432089236,24.627949163286377,18.13473411675752,22.629653992007988,23.96871429424853,19.348512332453833,16.98535288087927,20.42141866228892,19.378235452529307,16.51133312984366,14.352551617740591,11.929101691929448,13.792567103658051,14.467417852841846,14.826370348879417,13.616961137207854,17.599001713882036,13.031544605324665,16.647161792167044,15.515219426679469,14.31495032439947,13.339530684566533,17.366914012068978,15.295969535392647,15.319586650364913,15.925637854168565,16.833762081953644,16.006087113476017,19.37973041968383,22.152305749189647
MKD,%,Share of renewable power,8.527266411948593,14.69670710571924,13.981863149216817,10.077220077220078,11.70230678565415,13.062622309197652,12.799277217286553,13.366998366255755,15.36606129398411,20.238962552819466,17.178094259286446,9.839673058786545,12.428172713840091,20.391807658058774,22.228888555572222,21.49236531259003,23.55124179274907,15.543244075100029,13.3100934875614,18.599882835383713,33.48520661157025,21.21871578635893,16.669370808048548,26.140456847319303,24.036840213983194,35.93211579442537,36.70945550106883,23.143053767926094,35.054118209364084,22.893749804080844,27.585728978984452,29.558385168331775
MMR,%,Share of renewable power,,,,,,,,,,,,,,,,,,,,,,,,,,,,,,,,
MNG,%,Share of renewable power,,,,,,,,,,,,,,,,,,,,,,,,,,,,,,,,
MOZ,%,Share of renewable power,,,,,,,,,,,,,,,,,,,,,,,,,,,,,,,,
MYS,%,Share of renewable power,17.49517341414668,16.75698770714071,13.657898881818353,13.914474911339713,16.307708955374974,13.350653228664639,9.706161342797257,6.9625131678905685,6.948724648484908,11.078235917930778,10.821648514604098,8.762829377232912,7.1951038575667665,6.610444177671068,6.401582344368103,6.683037974683543,6.680158470681001,6.188349809745806,7.558894950932589,7.1338236560621455,6.096968691271142,7.549862594338509,8.024987432594703,9.251543834340971,9.702904496782198,9.95716845520007,13.464398557431464,17.39420048059564,16.595340548019088,16.111811635190175,18.127717448273206,20.02719092898054
NGA,%,Share of renewable power,,,,,,,,,,,,,,,,,,,,,,,,,,,,,,,,
NLD,%,Share of renewable power,1.1280810104044956,1.2681403300934277,1.320713185119965,1.4676849542809642,1.6027335366542415,1.7554247930621862,2.1528967313513387,2.344822811248687,2.549925046958483,2.8862529255636535,3.3181169377525714,3.522198949137338,4.185219776445168,4.043493649219859,5.209054307396055,7.408964548618316,8.163558395190284,7.232496249363887,8.761434017895548,9.54690201503262,9.492829241013093,10.924597755951828,12.236974424188604,12.105397101229975,11.320292277200771,12.439654732634276,12.794509782146477,14.867907305911235,16.565651461516097,18.7854838827704,26.707352242812547,33.06927840826865
NOR,%,Share of renewable power,99.59785962838946,99.40004864470448,99.48257961295594,99.48457471168658,98.61218807274777,98.88467688910896,99.4367810605699,98.54885520799743,99.13662668934802,99.24936898744498,99.38839240754209,99.04204232283463,99.28499464012253,98.84594216678785,98.91823823241228,98.88581024329217,99.17635914332783,98.37938526143888,98.77023974554743,95.99439945967687,95.43080158537572,95.52580857465212,97.22772076146117,97.36204515767866,97.15328210076989,96.93822615579437,97.18203491532933,97.09305163250829,97.33185907505253,97.14344760605566,97.93402017548979,98.86380572073628
NZL,%,Share of renewable power,80.14338555409529,77.33932249956057,72.75510730223192,77.16736336265916,82.14892920886147,83.93446529551625,79.18265076801605,70.28783284406725,75.84029744931355,69.84938105747518,71.8394066665279,63.84544916646752,69.71471682093036,66.19950790832038,72.47486935315857,64.56245887258649,64.92488789408797,65.68662450944039,64.43208141550944,71.83188894221408,73.29079052972946,76.20760087590942,72.69899213893301,75.45408705203562,79.36475393088416,80.30975540965403,84.41065586782952,81.36320785177023,83.50311826619591,81.87423675929148,80.26819884806885,81.2414371641698
OMN,%,Share of renewable power,0.0,0.0,0.0,0.0,0.0,0.0,0.0,0.0,0.0,0.0,,,,,,,,,,,,,,,,,,,,,,
PAK,%,Share of renewable power,37.15429031205828,36.405929510155325,37.2277222585161,38.47169402932716,37.16467966092916,35.68102243137255,36.701329682527934,29.523496102815255,36.30915567202844,32.931304401090316,29.002865301639602,27.1258365004211,28.722478537168655,33.30293819655522,33.15987388449132,34.58559648119989,31.2767542167353,31.87625290942973,29.339124090552954,29.09210090146641,30.008043587665824,30.432137120970886,10.890179743964142,31.477393592307095,30.97971808615643,30.616327807117756,31.70112410331372,26.706559363376154,24.940432010324386,29.801853459396476,32.92697699716437,28.484670533891777
PER,%,Share of renewable power,76.80330243337194,80.27206186990747,74.85139460448102,80.41599135602377,81.09164250598765,77.4853229542479,77.90020717832383,74.46556084084352,74.98883357998116,77.06303544431378,81.99139674843269,85.5347666905613,82.91807499670189,81.71082823664901,72.85408167470227,71.84012356084156,72.86680940306469,66.68336506028119,60.13227325794518,61.81570935537432,57.72056366269355,57.29323695772616,55.465444975143775,54.183225556309466,52.59847463655165,52.659399842552304,49.81706492843327,58.61029237555633,60.97989898567357,60.31822560375887,63.789153751444935,61.28255299153666
PHL,%,Share of renewable power,45.42013902077714,42.50847986276267,39.19597989949749,40.246058918695205,39.99474703700056,36.85700661620075,36.95207998474405,33.43468100610599,33.62355091634999,44.49217995752075,42.8902627511592,37.29303492103976,35.64344934607228,33.419124554781156,33.729624466313055,32.36509360282027,36.02996647126583,31.599911077990146,33.91593214085566,32.60028928657972,26.30952483054314,28.68719267545733,28.470967428476428,26.443533309572224,25.6399150531283,25.436668753589302,24.207014896414275,24.572057019482425,23.380936243144905,20.788449328436435,21.23605827760838,21.091628632914798
PNG,%,Share of renewable power,,,,,,,,,,,,,,,,,,,,,,,,,,,,,,,,
POL,%,Share of renewable power,1.0798835016983221,1.1194085247264576,1.2188323917137476,1.1571186326727274,1.3180934930216406,1.4064141116210813,1.4416125945534424,1.4931017578261785,1.7739461723241992,1.6548463356973995,1.6062376019396074,1.9111910779035273,1.9198479108557789,1.4838654364872619,1.9943045816332488,2.45119029413264,2.6528669115010324,3.4073223385295073,4.254198501790666,5.719944634853678,6.906405003234852,8.033115660234303,10.410450292650134,10.37123914509866,12.476580869871368,13.632505577650598,13.687482746618338,14.150705423400698,12.712965849011109,15.522073709302337,17.447806363549866,16.72608066964429
PRT,%,Share of renewable power,34.5647705122807,32.99842521509156,18.402759942832454,30.295002582919405,37.09888148879895,28.225709475709472,45.74449594438006,41.60259595989125,36.303098707161915,19.97874650587936,29.404076409834566,33.84635231890602,21.10915912985013,37.79048920003415,27.311606252078484,17.669994632313475,31.887604249505518,34.22216578841555,31.849724814548935,36.43515844404167,52.42083079141479,45.96016391880301,41.55922167635639,57.035793091322375,59.77425965794184,46.49268144250599,53.520355685324674,37.982265744619994,49.29744310908063,51.55676794280877,56.69695027707618,62.43611779074912
QAT,%,Share of renewable power,0.0,0.0,0.0,0.0,0.0,0.0,0.0,0.0,0.0,0.0,,,,,,,,,,,,,,,,,,,,,,
ROU,%,Share of renewable power,17.74722470105273,25.681742161505554,21.59239782267737,23.017160573941887,23.66149158444573,28.166233590929036,25.680521597392016,30.657240848323646,35.311051293554655,36.067836718595935,28.455347171409866,27.703931979356177,29.319668237787276,24.051505259339862,29.2341457370927,34.02117381717807,29.285759857088173,25.949767321194035,26.516411109058442,26.80986297055985,33.29346201479198,26.22155072650122,25.27816823886057,33.93815378345334,39.57891875919456,39.52274647037528,41.425126338263986,37.7662187383352,40.4316765723955,41.396448961619974,44.086257821266045,43.63369545555087
RUS,%,Share of renewable power,15.423268175937901,15.742817601016624,17.121027319153153,18.22615193390669,20.091812666540324,20.501007526507887,18.22109272730921,18.88084725300942,19.168647344280053,18.972495494697032,18.701723925793264,19.52421450401892,18.215645707438465,17.030097589617217,18.900504345959863,18.13951367781155,17.517982058260255,17.427711789535678,15.891740384615385,17.591400664585642,16.09051429690028,15.511005040965248,15.334167423820663,17.1513914598963,16.369627789604646,15.826834017717909,17.019171414159516,17.07917079062743,17.310121669102855,17.546692296299106,19.895714532215596,19.00886833952499
SAU,%,Share of renewable power,0.0,0.0,0.0,0.0,0.0,0.0,0.0,0.0,0.0,0.0,,,,,,,,,,,,,,,,,,,,,,
SDN,%,Share of renewable power,,,,,,,,,,,,,,,,,,,,,,,,,,,,,,,,
SGP,%,Share of renewable power,0.5442577604753612,1.476205969897449,1.3965604710683972,1.2920305446567946,1.1849831200363716,1.1107383463146154,1.0247015818046459,0.9172800587059238,0.8634422092842944,0.8299457994579946,,,,,,,,,,,,,,,,,,,,,,
SRB,%,Share of renewable power,,,,,,,,,,,,,,,,,,,,,,,,,,,,,,,,
SSD,%,Share of renewable power,,,,,,,,,,,,,,,,,,,,,,,,,,,,,,,,
SVK,%,Share of renewable power,7.194244604316546,5.689578534771892,8.198247767384773,14.184600278209638,16.937616677037962,18.22663778292373,16.40916149068323,16.033455635775436,16.391364474492935,15.749639173443168,14.811605366198089,15.855332958871621,16.714466339778582,10.880662664141008,13.158497855482434,14.568287850706202,14.999839882153266,17.214318988067507,15.715309290661569,19.057298458234257,20.865800865800868,17.270303891949528,18.9448103405769,21.85729275970619,23.25897116019667,22.952447501011363,24.13174858853089,23.681252945654936,21.619810091230683,23.39354248089856,23.80324226750443,23.368419790953336
SVN,%,Share of renewable power,23.98580530687959,28.311362209667294,27.730071289695402,25.405993638037838,26.359053896859248,25.18392317819252,28.79799010756065,23.45575959933222,25.173294418095587,28.429228564964937,28.655314151497357,26.738559380616618,23.39041095890411,22.277693365168943,27.60607647983237,23.62241185420387,24.412834932186573,22.402446320547764,26.283693133308937,29.94574163262818,28.90510948905109,24.160906656703403,27.51016776817488,31.72700738992734,37.919366863565976,28.841059602649004,30.660705684848487,27.267889545807435,32.08207174218554,31.33499143206611,32.493642782858494,33.32411428909212
SWE,%,Share of renewable power,50.82179812706473,44.18525755848668,52.17317081498174,52.71925493100705,42.92705434919392,47.56049882035726,38.39994880291254,48.2126004805665,48.95001981094696,48.17445330274106,57.10792394768656,51.555858057729786,48.484993048551104,43.364713700299035,45.02407283508468,51.00842449390166,49.53663642707606,52.05792580441302,54.349482124958236,58.06659301585443,55.37823344912483,56.02627627130977,59.119553583240126,53.98974894714505,55.79778995457561,63.21317059324439,57.08544619582274,57.76499238964992,55.682931009156356,58.633915795348614,68.29510978714053,66.82331063942004
SYR,%,Share of renewable power,,,,,,,,,,,,,,,,,,,,,,,,,,,,,,,,
TCD,%,Share of renewable power,,,,,,,,,,,,,,,,,,,,,,,,,,,,,,,,
THA,%,Share of renewable power,11.16490310798456,9.048247629358032,7.329364533129692,5.750052930870309,6.264716325447668,8.447448888668163,8.531996480580949,7.938051648973551,6.029433272711373,4.275440767302306,6.719279895462026,6.729004776744457,7.487288483792534,7.27931683564409,6.233824277188614,5.771419155383603,7.294347356165839,7.310341439876118,6.277436714335298,6.348875018076619,5.568528837087365,7.835743108928626,8.075036208100792,7.49983389526276,8.178044007854684,7.762141170011708,8.942781941119382,11.108388707592075,14.357253204770654,14.859613925954754,14.211533188000791,14.991990022015212
TKM,%,Share of renewable power,0.020533880903490762,0.020062192797672785,0.03185969596747276,0.039566978982020766,0.038022813688212934,0.040383644623927316,0.04935834155972359,0.05264266161297116,0.0637213254035684,0.05643340857787811,0.03172080860907171,0.029715470133785567,0.02945736434108527,0.028882783882783886,0.02632721202003339,0.024604103284187533,0.023106227106227107,0.021196236559139783,0.021026666666666666,0.0197125,0.01984131736526946,0.020992732558139538,0.023232764044943816,0.026469576719576723,0.03120149253731343,0.038948837209302326,0.04483658407079646,0.044359649122807016,0.04179338842975207,0.03982286452816425,0.038154344647719676,0.0455974454615405
TTO,%,Share of renewable power,,,,,,,,,,,,,,,,,,,,,0.04718913509056683,0.04564521402407021,0.0438457977022349,0.04212517953701019,0.045354003764139776,0.05000897559657135,0.051452625177664385,0.05185964811955165,0.050623323912173675,0.05082663089858065,0.0544949694315702,0.05211475795732669
TUN,%,Share of renewable power,,,,,,,,,,,,,,,,,,,,,,,,,,,,,,,,
TUR,%,Share of renewable power,40.36581339172445,37.84962728001554,39.6255245596372,46.18080818345018,39.21761146655396,41.56554284534955,42.940723179112325,38.910488132140905,38.335056709276685,29.98276364029856,24.938361340232593,19.837815859399125,26.2492513495029,25.294048605603198,30.73067181248893,24.542376272103194,25.253885710590712,19.031738362757263,17.347543090414273,19.578350480569217,26.3791485758756,25.328242801014216,27.232151033530844,28.825237701867024,20.887495781866985,31.956948636763833,33.15548361070043,29.63944462665355,32.395270501922724,43.88952068065032,42.267913170750475,35.51891618938387
UKR,%,Share of renewable power,3.518329512941924,4.201906826035316,3.1216834835500786,4.801527580837385,5.971752693153035,5.129936397653825,4.7173007771086315,5.537016438017551,9.108794019279953,8.323843829886126,6.579369477091779,6.965289179751635,5.553892732568179,5.139166112220004,6.469958554058135,6.6652333987261825,6.681628495043464,5.334495110852939,6.138037032806123,6.979650844665619,7.091109369373186,5.74383883192748,5.6487630337639665,7.775810241216438,5.561604766338065,4.339027494115124,5.6244983226278435,6.961770274488038,8.147558253593306,7.699573766875783,11.469920514961293,13.781812981015088
USA,%,Share of renewable power,10.9171620187343,10.74186466169888,9.729862489059174,10.270781348893854,9.532383793522706,10.60163916706274,11.360623484069379,11.453281257760034,10.147996926595207,9.860897876764907,8.526428009603208,7.138975128997714,8.293677482596085,8.535912004791252,8.258765541622017,8.276262259200951,8.919712407843994,7.960737906837389,8.705045183763152,10.01787763905614,9.80731180970538,11.871536429217977,11.653850432720649,12.303790650661412,12.662980101914709,12.929487098472126,14.51712958480201,16.60730708079819,16.611525106762286,17.436076974895013,19.382089635421725,20.019462433092404
UZB,%,Share of renewable power,11.802929427430092,11.134496446044494,12.337215925831352,14.970803068221123,14.97071129707113,13.040271426464079,14.366234395297123,12.54397012203066,12.544662309368192,12.545182050603898,12.544810515534314,12.54560997477117,12.545122693165686,14.687537957338664,13.071117396975698,14.436297210417576,11.847779238060518,13.168913117519054,8.740613491063884,12.950256775948752,15.773755656108596,10.8415447585841,11.998657962657724,11.420765027322403,11.164274844765345,10.510640851955307,11.614986463620982,13.048081223281816,9.387036819160338,10.279579412021148,7.570032927566915,7.896065675450288
VEN,%,Share of renewable power,62.34385799295359,70.32540221355606,70.09341637010677,68.42985212302902,72.00685191165526,70.05146638346541,71.23749801555803,73.35844029411011,71.59472955601701,75.20009927405845,73.80033094318809,67.06947634741502,66.5966403005093,67.212745238468,72.33959089290231,73.86729249558192,73.58164787569162,73.031114541662,72.67418739591307,68.75700221691979,65.68260447135873,67.66413830426322,63.93275719301358,61.51942161363524,61.47602629506913,59.741586413752266,54.82189659670076,63.58210394578659,61.04969836484153,62.11106610391032,82.35311560033371,79.92209263891633
VNM,%,Share of renewable power,61.84771339707408,68.58849077090119,74.47707367336425,74.70455824423185,75.2197265625,72.24194429273622,70.86874409820585,60.92933305456826,51.15732202139432,58.46597903136805,54.783328940928435,59.49424986931522,50.838082467314784,46.39218081857056,38.5595879590556,31.846461077614347,34.14541499041732,35.10062824450092,36.69771702367532,37.26374266830351,31.209487363991194,40.570120188376244,46.38328918686549,46.56538501775756,44.10584402123894,36.356173613001666,36.667495519075935,45.94815363818094,40.73371960168467,31.941403911808447,36.29491767928491,42.577368398760356
YEM,%,Share of renewable power,,,,,,,,,,,,,,,,,,,,,,,,,,,,,,,,
ZAF,%,Share of renewable power,0.6039730663891979,1.1763587537726656,0.4473793890177881,0.08356898904445183,0.5911166877648742,0.2834105483378425,0.6891829073626131,1.0638803747825176,0.8891096385131516,0.4546528855437117,0.7536905425547066,1.025654436934793,1.1591068933469344,0.5361044516263997,0.5557282279593629,0.7293098165946709,1.313532734694521,1.2631821928882379,0.6807902141383169,0.7829954307032061,0.6166385379871419,1.3686110974411323,0.6064345131611086,0.726804721301491,1.6879210142680507,2.5470538607771878,3.5197266233330042,5.196151814572959,5.547743588883341,5.882157786505554,6.852605107763751,7.334341557862166
ZMB,%,Share of renewable power,,,,,,,,,,,,,,,,,,,,,,,,,,,,,,,,
ZWE,%,Share of renewable power,,,,,,,,,,,,,,,,,,,,,,,,,,,,,,,,
