country,unit,variable,1990,1991,1992,1993,1994,1995,1996,1997,1998,1999,2000,2001,2002,2003,2004,2005,2006,2007,2008,2009,2010,2011,2012,2013,2014,2015,2016,2017,2018,2019,2020
AFG,MtCO2eq,GHG emissions from road transport,0.39366744589999997,0.38163605759999997,0.22835593359999998,0.2254234101,0.22779356109999999,0.22525843359999997,0.19923224729999997,0.1753329487,0.1604895421,0.15408730910000001,0.1185882709,0.110670425,0.08897821377,0.1289741893,0.11788335729999999,0.18990333939999998,0.2563709421,0.21829550709999998,0.7353304407,1.5332548419999998,2.1944214399999997,4.329679301,3.562033767,2.2425306579999997,1.652335044,2.2889370159999998,1.508270439,2.054849697,2.114136553,2.180443515,2.096634679
AGO,MtCO2eq,GHG emissions from road transport,1.027133267,1.268644945,1.197848803,1.223228715,1.554005064,1.081593217,0.9981913273999999,1.0625461710000002,0.8419678567999999,1.168041266,1.0850694699999999,1.216249374,1.4918610789999998,1.4384614779999998,2.3331725869999995,1.6985024089999998,2.614305864,3.222024847,4.2387348959999995,5.08908868,5.784932737999999,6.453008787999999,6.588401993,7.523193827999999,7.779786997,7.853878978,7.807966661,6.606839794,6.56381512,6.286670353,5.4368133
ALB,MtCO2eq,GHG emissions from road transport,0.7145810580999999,0.5406277225999999,0.4132881139,0.5131525021,0.6441619015,0.6370291462,0.6304677182,0.5011229863,0.7486279738999999,1.2525597649999998,1.3190888600000001,1.394809383,1.5670827379999999,1.7634421429999998,2.1434063979999998,2.2090731439999995,1.748344926,1.915534506,2.039151621,2.2819550619999998,2.213828154,2.2902141449999998,2.201847509,2.3629863909999997,2.372782842,2.347295183,2.196022529,2.202528347,1.936692367,1.965021384,1.770065462
ARE,MtCO2eq,GHG emissions from road transport,11.4055473,11.73872076,11.92431114,12.73116194,12.61171781,13.24745821,13.41342392,13.345925249999999,13.3766943,13.71371385,15.01663758,16.46826329,18.97833007,21.08763388,21.283696170000002,22.43368444,23.54361669,24.16307334,25.687037079999996,28.354335839999997,29.56927669,29.570756239999998,30.303361459999998,34.20184329,35.006879659999996,30.099737989999998,33.86175309,39.94553709,36.500366969999995,35.032745829999996,28.2643923
ARG,MtCO2eq,GHG emissions from road transport,26.686313239999997,28.35464501,30.209564649999997,32.37685929,34.128092869999996,35.544612539999996,36.46235414,37.74223232,39.3724266,37.79711483,36.914511499999996,33.568124399999995,31.498660729999997,32.21642328,34.399971609999994,36.12378183,37.914566619999995,38.74232066,40.876525380000004,36.74947514,39.356551859999996,44.99362309,44.43666256,41.53767096999999,40.91835145,42.4555351,41.89524900999999,42.69855886999999,40.99401612,37.32591535,33.2360366
ARM,MtCO2eq,GHG emissions from road transport,2.997548974,2.932964788,1.852202675,1.2038008359999999,0.1604891396,0.11418201549999998,0.06171929819,0.06480448613999999,0.06788958563,0.07097475628,0.5770511104999999,0.5735201491999999,0.5483915226,0.5909888253,0.6137900293999999,0.6822560978,0.6781153747,1.095672268,1.30235777,1.181848958,1.308391421,1.3460355519999998,1.3565165849999998,1.333285052,1.495927523,1.511043043,1.638410049,1.7333592389999999,1.7566171839999998,1.6624846399999997,1.6099175879999998
ATG,MtCO2eq,GHG emissions from road transport,0.05139659787,0.0553146328,0.05891499888,0.0548733029,0.06040718529999999,0.06428021509,0.06567631372,0.07278626953999999,0.104839171,0.118467571,0.12564755379999998,0.12579867649999998,0.1165142926,0.1333323863,0.14475299149999998,0.1519587502,0.1541734403,0.15717890040000002,0.1597264823,0.18773691399999998,0.18704259599999998,0.1854490921,0.2035239854,0.2151982624,0.22271821309999998,0.2171680764,0.2117770891,0.2039031455,0.1980132943,0.1932664481,0.16502706849999998
AUS,MtCO2eq,GHG emissions from road transport,56.07130365,53.992651859999995,55.185878509999995,56.35275753,57.95868332,59.50545346,61.445433869999995,62.60342968,63.620202889999995,64.97047049999999,66.84181923999999,65.30371563,68.5319146,68.74323618000001,72.27608573,71.99086081,72.29322434,73.15798987,73.67249059,72.80525544,75.41222039,76.89563860999999,77.3834917,78.2861109,78.32482682999999,80.01185579999999,80.81841165,82.85107056,84.83748462,84.15367124,72.25034101
AUT,MtCO2eq,GHG emissions from road transport,13.410393699999998,14.876814689999998,14.89007932,15.03745092,15.08850498,15.31092567,16.91980047,15.961683849999998,17.937563239999996,17.339478749999998,18.20000216,19.54252252,21.66854136,23.16060748,23.47096226,24.17022928,22.89284029,23.05430152,22.03501468,21.226586079999997,22.02332948,21.12228868,21.181399109999997,22.22760927,21.99203169,22.50087314,23.19932926,23.77678307,23.61796071,24.517812829999997,21.07341105
AZE,MtCO2eq,GHG emissions from road transport,5.323763454,4.262432394,3.529794734,3.2848273769999996,2.914144715,3.119033965,2.4125550380000003,2.9581625129999995,2.7876297629999995,1.363232252,2.167803974,2.352851828,2.5689830380000003,2.7523409849999996,3.3302243629999997,3.645131313,4.537892058,3.499636683,4.496906842,3.997117789,4.61899978,5.409990087,5.991054825,6.743591906999999,6.978550254999999,6.354401937,5.787788556,6.479790259,6.112582800999999,6.0948711929999995,5.29622254
BDI,MtCO2eq,GHG emissions from road transport,0.08654384839,0.121602092,0.10018139079999999,0.1115925096,0.11400099479999999,0.1153499275,0.123123741,0.1271910292,0.13247211879999998,0.14085681649999998,0.1257992314,0.09689731927,0.08961999312999999,0.07180481301,0.08879200282,0.0723923735,0.09040454979999998,0.1516995276,0.08785764760999999,0.08758242767,0.09628772537,0.1149365068,0.1063667121,0.1322942327,0.10569073979999999,0.1745466211,0.21828760949999998,0.1122969373,0.1180617968,0.12316509099999999,0.100531758
BEL,MtCO2eq,GHG emissions from road transport,19.66690248,19.858259649999997,20.6064225,21.117776309999996,21.60642675,21.67992998,22.086921789999998,22.34513465,23.02433903,23.329465170000002,23.68782572,24.56594992,24.59798209,25.150915199999996,26.2066506,25.48623061,26.121440399999997,26.937372149999998,27.02384223,26.26959281,25.36611971,25.0190758,24.25820868,23.77956841,24.10485312,25.770187179999997,25.47508525,24.871737359999997,24.61167981,23.04829877,15.95634088
BEN,MtCO2eq,GHG emissions from road transport,0.166726736,0.13152178969999997,0.11864982319999999,0.1186413529,0.12182938499999998,0.12182135109999999,0.49778437999999997,0.6848973499,0.7617209269999999,0.8603656371999999,0.9334821181999999,1.000402905,1.1914285409999998,1.391940956,1.4239372069999998,1.569691607,1.9941801659999998,2.468496872,2.487196451,2.8493409249999995,3.214127608,3.329280086,3.463708617,3.892002882,4.121818995,4.636949447999999,5.887965958,6.076482995,6.8100629139999995,6.870426788,6.0371412
BFA,MtCO2eq,GHG emissions from road transport,0.13947535930000002,0.19667299600000002,0.1766242444,0.18688715289999996,0.2000490627,0.21083367079999998,0.22505663149999997,0.384339526,0.3520100939,0.3742888288,0.375648924,0.42531285119999995,0.4535660021,0.5049761093,0.44103605869999996,0.47969273830000003,0.4786335666,0.6772714583,0.7386102704,0.7097978394000001,0.7384925117,0.8547553983999999,1.056759884,1.353350417,1.233725324,1.6512081189999999,1.394328754,1.650998442,1.735750306,1.750974475,1.543312
BGD,MtCO2eq,GHG emissions from road transport,1.217253534,1.310586794,1.503735444,1.5612343089999998,1.60593181,1.940498852,2.140321556,2.471462032,2.5108804649999996,2.235217679,2.2700537400000003,2.753780343,2.782701005,2.887774012,2.8723204819999997,3.5458133039999997,3.7371365299999995,3.8683947489999997,4.519374748,4.894712577999999,5.981573961,6.692872865,6.7738936999999995,6.465495531,6.964495314,7.299826831,7.726551348,8.633587319,9.669734176999999,9.91807872,8.827870599999999
BGR,MtCO2eq,GHG emissions from road transport,5.893476865,3.2694945339999997,3.544237504,4.008490193,3.7158000849999997,4.008642459,4.039840957,4.092796705,5.084025549,5.252992914,4.938494501,5.112667259999999,5.404290614,6.137986809,6.4499404,7.080618672,7.527287701999999,7.238537781,7.693816928,7.653383474,7.455141735999999,7.467977002,7.768861725999999,6.886940656,7.818031323,8.651028193,8.765953131999998,8.846330334000001,8.905634812999999,9.281663630999999,8.320936778
BHR,MtCO2eq,GHG emissions from road transport,1.015181906,1.027699864,1.142650547,1.1836242399999999,1.205682322,1.257121865,1.2824903049999998,1.3457068079999999,1.418793469,1.4726300319999999,1.558293594,1.621252835,1.8158057039999997,1.9780063719999998,2.1593315759999996,2.530437285,2.613158477,2.8403154259999996,3.105519004,3.062230526,3.097802196,2.910095901,3.113507849,3.1782368919999997,3.290441271,3.4649192469999996,3.5515924619999995,3.674989004,3.810232861,3.848097717,3.623199744
BHS,MtCO2eq,GHG emissions from road transport,0.352945005,0.3381062379,0.3038627858,0.29964384639999997,0.34230697779999997,0.4083018783,0.46903309499999996,0.49297298729999994,0.8063620061999999,0.8014441439,0.9682859547,0.9880281907,0.8852992600999999,0.6732517376,0.7811010601999999,0.7765625209,0.8878995019,0.9947153732,0.9656090984999999,0.8143723693999999,0.8743838079999999,0.7677881899,0.9475968107,0.9321410820999999,0.9262340672999999,0.8470722317999999,0.8520357406,0.8417274506,0.8174127606,0.7978186225,0.6812444754
BIH,MtCO2eq,GHG emissions from road transport,2.223139987,1.8891618289999998,1.0746930639999999,0.8238391025999999,0.9657646373,0.9941478317,1.025715405,1.057209719,1.402144702,1.343264743,2.119855512,2.1586654999999997,2.069101151,2.08225598,2.4213097699999997,2.3329784169999996,2.918125477,3.082044204,3.4158273029999995,3.526640835,3.4367358329999997,3.439432912,3.2197522899999997,2.84702473,3.003140197,3.129848589,3.6465215759999996,3.803427093,3.658969705,3.7122875449999997,3.3363799199999997
BLR,MtCO2eq,GHG emissions from road transport,9.638355443,10.504885369999998,9.686284784,6.879249837,5.388399305999999,5.488747494,6.054680809999999,6.37085091,6.909974785,5.905363443,5.493531480000001,5.043318213999999,5.547903148,5.6764955,5.757443838,6.566369751,7.532689012,7.473847973,8.439259813,8.235071579,8.92083388,9.545729381,10.31615405,10.389030140000001,9.873179034,8.805308539,9.223420364999999,9.669321515,10.178619509999999,9.713082548,8.82379054
BLZ,MtCO2eq,GHG emissions from road transport,0.0385294447,0.04764423784999999,0.04179253015,0.038930949969999996,0.03801590093,0.043946073450000005,0.03712985104,0.06698694040999999,0.09506804932999999,0.11067342759999999,0.12257318219999999,0.1280744748,0.10558960319999999,0.11651776629999999,0.113346263,0.1262121705,0.1306396179,0.1166942765,0.10545330319999999,0.1311155476,0.14783847039999998,0.11882124529999999,0.1388475753,0.1602528676,0.1574699591,0.17483288579999998,0.1661845606,0.1619516546,0.1572735635,0.16970055499999998,0.1453691046
BOL,MtCO2eq,GHG emissions from road transport,1.8963297679999997,2.03089167,1.9929025509999998,2.338656692,2.4339402119999995,2.7001558919999997,2.740279442,2.5799414179999998,2.6206793179999996,2.685029182,2.70322547,2.665466747,2.713111229,2.898237725,3.176130757,3.304503203,3.7051955669999996,4.237200292999999,4.755420734,4.981975074,5.229009957000001,5.7471483779999994,6.178329112999999,6.795854722,7.22054952,7.5498420159999995,7.921956409,8.399147063,8.660386031,8.674609413,7.28736023
BRA,MtCO2eq,GHG emissions from road transport,71.99674217,75.7284093,76.53234875,79.20197696,84.04199940999999,93.11719527999999,101.49004109999998,109.01130009999999,114.2210583,112.0742152,113.0669255,114.8479316,117.19347429999999,117.35752129999999,125.3810788,125.4140834,129.2159395,133.3690096,137.744982,135.33259080000002,151.666123,167.0627122,183.57630859999998,190.51620409999998,194.75262959999998,180.95698309999997,183.3794208,188.19744799999998,176.27665159999998,179.50308139999999,169.5061357
BRB,MtCO2eq,GHG emissions from road transport,0.15082727329999998,0.16518515979999998,0.18055512569999999,0.1642513594,0.1596833619,0.1656690601,0.1505716858,0.1997799291,0.2959754759,0.34496424099999995,0.38551423269999996,0.389995576,0.3409688943,0.3753708676,0.39535092839999997,0.4144628766,0.40863331449999996,0.38349536589999994,0.4524120225,0.47812371309999996,0.4742350305,0.495162163,0.494400154,0.5283023902,0.46780227919999995,0.4734043765,0.46103392460000003,0.4560883081,0.4429140405,0.43229621199999996,0.3691300132
BRN,MtCO2eq,GHG emissions from road transport,0.5625033157999999,0.6070454136,0.6647589858,0.693279324,0.7345944443,0.7889373001,0.8495765231,0.8878029779000001,0.8331940109,0.8232678673,0.8199256487,0.8551229242999999,0.8931719867,0.9347386054,0.9858246763,0.963439822,1.043395273,1.138732388,1.1445068259999998,1.134176161,1.188081657,1.2968255979999999,1.356700396,1.3402771329999998,1.365566136,1.371770446,1.3522110319999998,1.345508796,1.368549655,1.411182401,1.36507907
BTN,MtCO2eq,GHG emissions from road transport,0.015022103699999999,0.015503659069999998,0.01672420572,0.01651096807,0.02047124017,0.02779663891,0.026679908920000002,0.02624752799,0.02715801716,0.026066426459999997,0.03184117956,0.03257152443,0.03210768427,0.03669811685,0.03760958264,0.043666773390000004,0.04729944881,0.039378060019999994,0.05658792343999999,0.07558048906999999,0.1159785277,0.2079837561,0.2189937593,0.20448154079999997,0.1785510055,0.2211006835,0.2043044066,0.1624976785,0.1671906779,0.17242574459999999,0.165988147
BWA,MtCO2eq,GHG emissions from road transport,0.6144597978999999,0.6684066406,0.7765927789999999,0.7726886711,0.7470060296,0.8555441494,0.8649879174,0.9288690628999999,0.9956476012,1.078662101,1.184213191,1.2596414439999999,1.239648522,1.332242907,1.471403024,1.487252793,1.6114450949999999,1.711688127,1.976595618,1.833086144,1.929166183,2.015423249,2.0381354099999998,2.128435484,2.208289571,2.369642951,2.474824505,2.533924692,2.6467047179999996,2.6531258459999996,2.4184516
CAF,MtCO2eq,GHG emissions from road transport,0.06995532045,0.09085608843,0.07732326871,0.08446971074,0.08728967587,0.09199236026,0.09888038995,0.1021422382,0.1022983738,0.108767411,0.1284552443,0.1330280542,0.137251715,0.13110589809999998,0.1285201842,0.13465670749999997,0.1418863469,0.1427069131,0.14584005809999998,0.14974718969999998,0.15090645009999998,0.1586235096,0.17204252069999998,0.18078579709999998,0.17848822109999998,0.1867693691,0.1953880938,0.1944212452,0.2044021307,0.195829661,0.16857716699999997
CAN,MtCO2eq,GHG emissions from road transport,100.36555849999999,97.19502152999999,98.98108695999998,101.4080293,106.19479929999999,108.856392,110.65506909999999,114.5041035,116.39478879999999,119.3493555,119.03690449999999,118.95940329999999,120.27283999999999,123.4092287,127.1523539,125.9266449,127.2615594,134.91947249999998,136.2922529,137.7998504,142.2788947,141.6127622,141.27257849999998,144.4847118,143.1930343,141.9688756,141.8413599,139.71417409999998,142.9652058,144.28628659999998,125.855031
CHE,MtCO2eq,GHG emissions from road transport,14.30148131,14.788229289999999,15.13697066,14.1419445,14.6264909,14.34054364,14.40165373,14.892264769999999,15.03044102,14.886999,16.513749009999998,16.22948343,16.12142665,16.29604058,16.432810789999998,16.537269039999998,16.64357288,16.90070048,17.29278743,17.11496089,17.017672579999996,16.83383514,16.93584807,16.88160528,16.746908429999998,16.02390341,15.87107547,15.615633919999999,15.11885577,15.453241259999999,12.71611238
CHL,MtCO2eq,GHG emissions from road transport,7.920074479,8.041714729,8.744139064999999,9.681309476,10.92051191,11.94914065,12.916530949999999,13.527395199999999,14.232277909999999,14.89286941,15.33748977,14.40643428,14.99244624,14.979283989999999,14.961751210000001,16.075591699999997,16.003627679999997,17.07312454,17.640397469999996,18.2991938,19.049955179999998,19.97014677,20.49353894,22.38467042,21.6059048,22.82592448,24.00504041,24.73635748,25.18515402,25.198967949999997,22.743212
CHN,MtCO2eq,GHG emissions from road transport,59.38728715,69.10883009,78.41523713,93.47087291,86.40039679,94.50140542,115.38922179999999,108.23784909999999,108.9665107,112.05815349999999,187.2895148,193.81797669999997,210.44592889999998,236.72904569999997,289.26745,315.25674039999996,343.4457103,370.8165825,419.03464499999995,425.27574089999996,469.0807046,522.3134242,576.4716165,618.9485321,641.8436773999999,701.7425415,708.9253649999999,729.6462222,756.9112421,784.3025114999999,789.5036802999999
CIV,MtCO2eq,GHG emissions from road transport,1.046921018,1.0252069449999999,0.9835786367,0.9453505002,0.9388812322,1.0606507969999999,1.066841267,1.1600015179999998,1.034733181,1.152181415,1.021611792,0.9960768389,1.176279064,0.8520391594999999,0.983943204,1.063407945,1.157950843,1.142877654,1.3737497819999998,1.3958914879999997,1.320243091,1.460376172,2.127987952,2.245716491,2.388525731,2.839874063,3.533521428,3.2369832809999997,3.308790395,3.337711094,2.9448198999999997
CMR,MtCO2eq,GHG emissions from road transport,1.772579996,1.58401234,1.586355617,1.706914797,1.780411013,1.726573191,1.748696337,1.841245848,1.8976362269999998,1.655420732,1.876375864,1.879304176,2.085379422,2.1201842689999997,2.187177641,2.129313027,1.769433718,2.056969847,2.104566856,2.429021412,2.5901617359999998,2.695690079,2.817249623,2.970723181,3.1466182179999995,3.162189237,3.207190153,3.108315103,3.069242797,2.940280151,2.5343186
COD,MtCO2eq,GHG emissions from road transport,0.5777307312,0.48900255709999996,0.4477115968,0.45093252419999996,0.460350319,0.46024297049999996,0.46349621179999995,0.4571760187,0.46363352750000003,0.444652052,0.7991781095,0.6552548581,0.7002673277,0.8312543971999999,0.9046504631,1.122279408,1.2086729219999999,1.349288257,1.532344615,1.532014973,1.672384171,2.147317211,1.787591564,2.804461322,3.821357584,2.257619311,1.6267789709999998,1.826292843,1.7611614629999999,1.68712573,1.45463401
COG,MtCO2eq,GHG emissions from road transport,0.4962590201,0.5313546376,0.4543205519,0.45759579999999994,0.2747503615,0.4094695079999999,0.3006683852,0.2368724732,0.3043017383,0.2975657586,0.3777611485,0.47744465199999997,0.3712985538,0.538239449,0.6503430134,0.6564518652999999,0.8164996728999999,0.8709109989999999,1.086071365,1.185582146,1.397451837,1.551536385,1.226254618,1.5470432479999998,1.646115164,1.241075014,1.0834416029999998,1.2151275789999998,1.215305591,1.16411768,1.0050639
COK,MtCO2eq,GHG emissions from road transport,0.008711592624999999,0.0061851978230000005,0.009706452228,0.009581959243,0.01041359042,0.0106257232,0.01020458223,0.009488405697,0.009000671780999999,0.00864160843,0.01213556464,0.01091668167,0.005580075995999999,0.005324648825,0.008814455799999999,0.01533595758,0.01709971203,0.01154683869,0.01750879482,0.01928796903,0.02772462256,0.04737394591,0.0466228571,0.04101361453,0.040331918259999995,0.04125932045,0.03833788463999999,0.0243990553,0.02510374336,0.0258842819,0.0250822459
COL,MtCO2eq,GHG emissions from road transport,16.063895079999998,16.83354094,17.73835141,17.92821077,16.74475312,20.01669026,20.522202999999998,21.50940821,21.04108985,18.74876034,18.17031628,18.94795781,16.889991379999998,17.24673386,19.74041905,19.915078089999998,20.80724111,21.28714278,21.687992010000002,20.294863409999998,21.068274889999998,25.58169586,26.96749645,27.18703489,28.37957577,30.60213087,31.81081628,31.674014539999998,32.96543706,34.41599117,27.859416999999997
COM,MtCO2eq,GHG emissions from road transport,0.018044219249999997,0.021285210859999997,0.019107141619999997,0.01872700113,0.01836632598,0.0193442602,0.019764169689999996,0.02043305853,0.02504699333,0.026636046559999998,0.04092558434,0.04261587821999999,0.04396990183,0.05672614188,0.061181590329999994,0.06015310753,0.07051118136,0.0455032938,0.046602622079999996,0.05869412879,0.06819759969,0.06149882698,0.06720871133999999,0.08534002665,0.07438235722999999,0.08317475621,0.1014077675,0.1400044086,0.1471915352,0.1535536895,0.125314508
CPV,MtCO2eq,GHG emissions from road transport,0.02381728642,0.02913312873,0.030903615709999995,0.030278358939999996,0.03474363553,0.03561982397,0.04088084409,0.04224936812,0.04232354486999999,0.04500902084,0.1270754896,0.14186558679999997,0.1592524634,0.1601939041,0.1724102086,0.2764786192,0.2946741078,0.3243348249,0.3303145581,0.3208870024,0.3357710089,0.3962807965,0.3561887333,0.36685480579999996,0.3863452185,0.3970817223,0.4328300549,0.4347782033,0.4570969962,0.4611095066,0.406334994
CRI,MtCO2eq,GHG emissions from road transport,0.6090739029,0.6911640551,2.3625007799999995,2.436847754,2.5593390589999996,2.550174518,2.565312441,2.619486225,2.905826669,3.0161952289999996,2.859976436,3.0421116889999995,3.423098307,3.4932411109999997,3.7060847349999997,3.754049517,3.9536600049999997,4.251417909,4.356374887,4.4128630509999995,4.587933997,4.69962114,4.833101069,4.909098165,5.010951416,5.3514289680000005,5.72455678,5.834469866999999,5.908889272,6.376207928,5.470320254
CUB,MtCO2eq,GHG emissions from road transport,4.426627685,3.102653085,2.156112602,1.7059998330000001,1.6402056529999998,1.7796974199999998,1.97864998,2.299155583,2.199767459,2.113734391,2.011358517,1.9864402549999998,1.9264363379999998,1.851550935,1.954754729,1.896906807,1.810316831,1.832567806,1.802606551,1.393766074,1.203113706,1.183221532,1.022621996,1.202885778,1.368713287,1.46732157,1.475689529,1.5222550719999999,1.4879231389999998,1.4522636489999998,1.2428969699999999
CYP,MtCO2eq,GHG emissions from road transport,1.176164713,1.17257471,1.3187417,1.3379792990000001,1.391458949,1.4771065849999998,1.5276784019999998,1.5940060479999998,1.6699142139999998,1.713788379,1.754669324,1.8104894069999997,1.793535798,1.8995227379999997,2.001838222,2.041304845,2.029504822,2.1632037119999996,2.205475322,2.2071943199999997,2.253635446,2.186828671,2.015701216,1.813720063,1.766268612,1.8328201669999997,1.933880762,2.0065877629999997,1.969019943,1.958833707,1.6488583089999997
CZE,MtCO2eq,GHG emissions from road transport,7.055446375,6.271446417,7.854183309999999,7.947185724999999,8.6588033,7.346454662999999,9.714880513,9.932516747,10.153284659999999,11.37397398,11.520426599999999,12.37602914,12.980917269999999,14.768201679999999,15.54035008,16.87168595,17.19440368,18.05891797,17.82291127,17.23238502,16.22225829,16.06240978,15.855501349999999,15.73195002,16.25004657,17.02589194,17.78574715,18.26423199,18.351384749999998,18.589646829999996,16.15132045
DEU,MtCO2eq,GHG emissions from road transport,153.44500359999998,156.8789424,160.1302233,164.8284294,162.1865008,164.7098478,166.00700659999998,166.80178719999998,169.99694599999998,175.0280622,170.57822969999998,166.7194539,164.46108999999998,159.17668669999998,158.97745659999998,150.7192221,148.988539,143.8683221,144.533919,143.3234316,144.4342593,146.5023224,145.1623648,149.2968438,151.2061613,154.19621969999997,157.5568844,160.55115569999998,153.440989,154.41288849999998,137.9178652
DJI,MtCO2eq,GHG emissions from road transport,0.4766023693,0.5830120208,0.528884689,0.5226672709,0.5265467287,0.5498293548,0.5617849546,0.5858825341999999,0.5869180381,0.6241570453999999,0.33456975959999996,0.3324067433,0.3439683571,0.36044810169999997,0.34532113569999995,0.33455209129999997,0.313767402,0.32230590649999996,0.36184451959999997,0.32262519669999995,0.3580327404,0.2721014214,0.37356129029999996,0.408035681,0.4054332658,0.3691996546,0.3494575161,0.43942566499999997,0.4619836597,0.48195061009999995,0.39320373
DMA,MtCO2eq,GHG emissions from road transport,0.006269300986,0.006771702241,0.007209643635999999,0.006718538577,0.009138954016,0.011538821519999999,0.011789973599999998,0.01268470343,0.01827452767,0.02065251097,0.02546102015,0.028507169939999997,0.0225806149,0.028186978449999997,0.03509185248,0.03571821719,0.03508098008,0.04317171967,0.03843530242,0.04321736366,0.046802311789999995,0.04495447366,0.04775866911,0.04835402513,0.05203775499,0.0532554619,0.051535154039999996,0.06627044218,0.06435597504,0.06281358213,0.053708150999999996
DNK,MtCO2eq,GHG emissions from road transport,9.367281112999999,9.737602851,9.893680176,10.01348821,10.51136788,10.60097266,10.774139329999999,10.990253300000001,11.18082332,11.323000069999999,11.21493665,11.2582224,11.40134606,11.86889946,12.1915757,12.3067032,12.70094564,13.30700559,13.002550419999999,12.27493373,12.21486855,11.84552188,10.56759301,10.37914827,10.57201023,10.79380117,10.982324329999999,11.15861157,11.18033806,11.017796579999999,9.017290998
DOM,MtCO2eq,GHG emissions from road transport,2.254364745,2.192575478,2.356632143,2.503875745,2.989915765,3.333225152,3.6835571949999997,4.2238941169999995,4.349442226,4.640193489,4.6712084869999995,4.7781102419999995,5.163671336,4.667557292000001,4.7875304199999995,5.0510048890000006,5.093425485,5.079561735,4.402402014000001,4.583131432,4.774834291,5.167621893,5.493788433,4.837433965,3.9782179369999997,4.998662523,5.401280399,5.207422184,5.685989229,5.558107598,4.754130058
DZA,MtCO2eq,GHG emissions from road transport,15.2763622,16.28310471,15.99741575,16.07897564,14.61580014,14.041740899999999,13.73830847,13.571144189999998,14.24555008,14.63436356,15.4516058,15.9550783,17.851023079999997,18.80836228,20.43108744,21.5574725,22.587656019999997,25.07068139,26.65710021,28.27435404,30.22546553,32.8565103,37.22526779,39.054643039999995,42.05694489,44.64725188,43.16100966,42.66563194,43.63223932,45.09991932,38.0071525
ECU,MtCO2eq,GHG emissions from road transport,6.495837396,6.826084282999999,6.745677578,6.865556452999999,7.1781194479999995,7.007808110999999,8.350774279,8.631169405,8.447038255999999,7.525967819,8.36257253,8.366255826,8.619501669,8.676542905,8.904514923,9.281996678999999,9.506970839,9.510577408,9.515994456,9.93004357,12.01040668,12.28828573,12.82351419,13.745167239999999,14.73118783,15.46910286,16.03322839,17.87553273,18.969217129999997,18.38689696,14.62754471
EGY,MtCO2eq,GHG emissions from road transport,15.648664929999999,16.307760939999998,16.85571481,17.54587329,18.790301359999997,20.01266854,21.282285059999996,20.166560379999996,23.29852828,25.12004914,25.5647676,25.37188865,26.24265315,27.31626773,28.63137282,28.09627617,30.77962972,34.17278637,36.31786165,38.941214939999995,41.70577435,44.20977881,48.583291689999996,48.923450349999996,51.03436035,52.820612659999995,55.364029020000004,56.207101789999996,55.3657422,55.7104478,49.6657532
ERI,MtCO2eq,GHG emissions from road transport,0.1591865998,0.1601006733,0.11562421739999999,0.2120001694,0.2891264609,0.330874042,0.38554375479999997,0.3629217453,0.23100377449999998,0.2116768359,0.20528823689999998,0.25022115,0.269460351,0.2760001733,0.2504667824,0.179914508,0.13808786939999998,0.1220396243,0.1123816949,0.1155717246,0.1411959928,0.154043824,0.1668917409,0.17328038149999997,0.1764746021,0.17974394949999997,0.1829381709,0.1920760024,0.21418259609999998,0.2234581582,0.183411166
ESP,MtCO2eq,GHG emissions from road transport,54.20913727,57.14731114999999,60.44835104,59.659234979999994,61.97990034,62.90836193999999,66.70320192,67.43518571999999,73.97937933,77.98577706999998,80.20211377,84.24865428,86.31562356999999,90.38066223999999,93.8029533,96.63288544,99.88572409999999,102.8754498,97.39397944,90.58884735,87.00637920999999,82.29179898999999,71.38452242,75.119879,75.96919975,79.22129278,81.33740352,82.65512145999999,83.30252325,83.48596645999999,67.60827221999999
EST,MtCO2eq,GHG emissions from road transport,2.204837078,2.013665,0.9661449551,1.044792808,1.282226134,1.2852684099999998,1.39864757,1.460672987,1.521679174,1.512559185,1.5089895139999998,1.839010583,1.906879918,1.8501086629999999,1.9107710789999999,2.002176227,2.156040477,2.2878394559999995,2.2365109629999997,2.012259711,2.086262531,2.1359305529999997,2.178850802,2.139789628,2.154088651,2.2211067259999995,2.3018775899999997,2.378150819,2.3694336609999995,2.1174919219999997,1.932040394
ETH,MtCO2eq,GHG emissions from road transport,0.9354099862,0.9419155979999999,0.7170213528,0.8610343011,0.9602591493999999,1.0755733019999998,1.1975089399999999,1.271421744,1.390144722,1.4285563389999998,1.569553241,1.960365175,2.0533069979999996,2.1404261460000003,2.295594273,2.125754738,2.2642419169999997,2.4605851469999998,2.5439521099999998,2.656039169,2.7143629789999997,2.8686645,3.256460416,3.8054096439999996,4.244588918,4.723992849999999,5.747743764,6.336746377,6.7625656649999994,7.05540129,5.7898971999999995
FIN,MtCO2eq,GHG emissions from road transport,10.96796681,10.664337349999998,10.64286947,10.375962829999999,10.73509439,10.575163689999998,10.30052446,10.870420489999999,10.98217322,11.17258941,10.87706362,11.05816663,11.27594519,11.44207248,11.794243779999999,11.83359838,11.99066763,12.37053182,11.84293265,11.29735917,11.740061679999998,11.560372119999998,11.3267573,11.21367274,10.13483516,10.156588619999999,11.40303689,10.77962173,10.81707275,10.58380409,9.503587423
FJI,MtCO2eq,GHG emissions from road transport,0.194670571,0.1675355197,0.187511571,0.1983290052,0.22040618869999998,0.244984902,0.24209445519999997,0.2251754784,0.2076416544,0.21808209679999999,0.30382687929999996,0.2954137227,0.22378809239999997,0.27789151059999995,0.3799460188,0.34744709079999997,0.403446625,0.2920882142,0.25356963229999996,0.3268466605,0.37595703039999995,1.1586512949999999,0.5786994139999999,0.6491448068,0.7924953101,1.1190542609999998,0.9680262618,1.018683197,1.048103131,1.0806933049999998,1.047207078
FRA,MtCO2eq,GHG emissions from road transport,110.70180479999999,113.48877549999999,115.99318749999999,116.8480089,118.2905378,119.079961,118.7671089,120.8871605,124.9922464,125.6431362,128.4109452,130.6066042,130.67393619999999,129.4095591,129.5346357,127.46353049999999,127.76589709999999,126.9109166,120.9137452,119.6822373,120.11849579999999,122.9882715,121.93257229999999,120.94348149999999,121.3646522,122.53652009999999,122.5885795,122.8412171,118.84440479999999,117.89199559999999,99.31377391
GAB,MtCO2eq,GHG emissions from road transport,0.32618720199999995,0.3969628936,0.3715317607,0.3972443277,0.316810885,0.3457037282,0.3488943905,0.3840625738,0.4096099748,0.39023704629999995,0.32330062829999995,0.3645752193,0.39683428449999997,0.3550283339,0.3775376241,0.3711397234,0.3742415474,0.4289186841,0.43202501289999995,0.40322403749999997,0.6371499904999999,0.7237109320999999,0.7559901073,0.8488414497,0.8327018758,0.8101924798,0.819757267,0.8210308312,0.8276807904,0.7927483843,0.6853968399999999
GBR,MtCO2eq,GHG emissions from road transport,110.00845199999999,109.24756409999999,110.722697,112.00917369999999,112.6571689,111.60399659999999,115.8903622,117.311832,116.54260649999999,120.0111048,118.0693722,117.7055977,118.95626509999998,118.65736869999999,119.8007759,120.27729240000001,120.676852,121.9118913,116.83052459999999,112.66157749999999,111.4873472,110.08378059999998,109.754651,108.96414929999999,110.5680194,112.9273939,115.65570629999999,115.8497984,112.98580159999999,110.7285124,84.8115705
GEO,MtCO2eq,GHG emissions from road transport,3.530125225,2.6012783969999997,2.1805558489999997,1.927313472,1.3120313259999998,0.8348293164,2.513446822,1.8973490339999999,1.210216688,1.1044600139999998,0.9297341681,1.159923426,1.21953454,1.246446236,1.207628574,1.5131609439999998,1.5685285039999999,1.9684107,1.676258251,2.069146554,2.232951324,2.2688580139999996,2.385064018,2.850711676,3.27935166,3.637991583,4.132144251,3.689025193,3.585539762,3.6444630780000002,3.2994285
GHA,MtCO2eq,GHG emissions from road transport,1.5555797329999999,1.444064,1.721567617,1.7342815619999998,1.792954284,1.949583611,2.125320361,2.2177763169999998,2.6308543650000003,2.921990879,2.795199431,2.801142623,3.2177795249999996,2.961099041,3.439472628,3.383247378,3.410066676,3.597905788,3.507732038,4.716881353,4.8181789230000005,5.345953433,6.389565245,6.781433505,6.831959019999999,7.388908513,6.823698392,6.63322859,7.136083504999999,7.198796560999999,6.341539
GIN,MtCO2eq,GHG emissions from road transport,0.40622522289999996,0.3818211138,0.35371128809999997,0.364810021,0.3619050874,0.37712437569999996,0.3853090807,0.40264036859999996,0.4083959102,0.43429622739999996,0.6214845229,0.648503108,0.6938665781,0.7332739144,0.7480062682999999,0.7939378967,0.8233305038,0.8491566358,0.8653532891,0.9435455582,1.083423514,1.132995067,1.12182454,1.040789552,1.0721759210000001,1.2346941329999999,1.4201787279999998,1.360910656,1.430771976,1.443322812,1.27209172
GMB,MtCO2eq,GHG emissions from road transport,0.05456200041999999,0.06642289619,0.05966580938,0.06308589186,0.07131131498,0.06954178445,0.07104877584,0.07340493712,0.0784748998,0.08345239111,0.119795001,0.1301335562,0.1337000824,0.13506547419999998,0.1403930894,0.14505383549999998,0.1582142738,0.16169036489999997,0.1686551354,0.1857827997,0.19749161169999999,0.20883781719999997,0.2120441069,0.2233047433,0.24120034729999998,0.2557072709,0.267756024,0.2752217205,0.2893494746,0.2918877142,0.25724104999999997
GNB,MtCO2eq,GHG emissions from road transport,0.07837351374,0.09586188245,0.09122812897999999,0.09816726228999999,0.0962754647,0.10147181089999999,0.09924585451,0.1071057044,0.107291059,0.1140947307,0.09434958359,0.09581918889,0.1009985868,0.11862053609999999,0.1208910236,0.12545093499999999,0.1287746027,0.1350280412,0.13202623439999997,0.1404488365,0.14045066469999998,0.14337526379999999,0.1521681697,0.16482209479999999,0.169033627,0.1808876706,0.1956235384,0.15256127069999997,0.1603928701,0.1618001753,0.142598151
GNQ,MtCO2eq,GHG emissions from road transport,0.03483064119,0.0426036266,0.03826872945,0.03748379817,0.03676242115,0.03874465059,0.03958506429999999,0.04596799646,0.04604690363,0.048966675499999994,0.114796316,0.1340826311,0.1790962487,0.2219548387,0.24529736019999998,0.26495192719999994,0.2857064767,0.29677619650000003,0.30438269919999994,0.31168122909999996,0.30372482349999996,0.30557528129999995,0.3189257353,0.33654893839999994,0.3286728369,0.3333056914,0.3544014234,0.3903937311,0.3666911055,0.3513054073,0.30252009799999996
GRC,MtCO2eq,GHG emissions from road transport,11.85926617,12.708073279999999,13.015083039999999,13.3175173,13.504332960000001,13.9403193,14.605798009999999,14.94044387,15.689165539999998,15.964855779999999,16.15389277,16.508932339999998,17.08987556,18.11941837,18.22148871,18.69639759,19.11808482,19.87931429,19.436221670000002,21.29991981,19.17744937,17.52506846,14.202974039999999,14.51560839,14.40115921,14.523472199999999,14.864835679999999,14.523584589999999,14.073593989999999,14.507068289999998,11.51890501
GRD,MtCO2eq,GHG emissions from road transport,0.01541101506,0.016645978889999996,0.01823026396,0.01957366406,0.023082753669999997,0.020982044699999997,0.022894598849999996,0.03266992239,0.04081473747,0.046125212359999994,0.050665716,0.05279847658,0.04687191449999999,0.05398425843,0.054895045899999995,0.059676247929999995,0.060773106169999994,0.06274944503,0.06628104433,0.07218974696,0.07702461695,0.07636393292,0.08297080849999999,0.0990504134,0.08467690402,0.08454594597,0.08351470793,0.08226315175999999,0.07988693305,0.07797215639,0.06666929099999999
GTM,MtCO2eq,GHG emissions from road transport,1.7275392639999998,1.8042972739999998,1.888577476,2.072030399,2.1994418259999997,2.7471784799999996,2.732097198,2.898260315,3.452237205,3.581724089,3.8419001519999996,4.0931446949999994,4.385624859,4.935489388,4.786607534,5.183878548999999,5.285415252,5.5796045119999995,5.02704313,5.6815202849999995,5.730829894,5.619613105,5.635055475,5.976482046,6.514819735,7.503109104,8.120561752999999,8.390007278999999,9.152989848999999,9.876605301,8.46789605
GUY,MtCO2eq,GHG emissions from road transport,0.07985155052,0.1017218192,0.1194014538,0.1428314163,0.14671607629999997,0.12403433809999999,0.1379409434,0.15828651019999998,0.29556624109999996,0.40099730609999995,0.4004933543,0.39043268119999996,0.3399232047,0.38228349889999996,0.3895805833,0.3643801088,0.3201932385,0.38687792,0.3653597113,0.4224015323,0.4692436770999999,0.48427670209999996,0.5851085638999999,0.602494845,0.6095574772,0.5951396234999999,0.6435919627,0.592029359,0.5749275927,0.5764220527999999,0.491481928
HND,MtCO2eq,GHG emissions from road transport,1.054486418,1.044563405,1.1748778659999999,1.3311219410000001,1.5512683079999998,1.563020799,1.5166076389999998,1.665234902,1.846549155,2.138648483,2.1353742170000003,2.2760687269999997,2.279083291,2.318234129,2.3525914429999997,2.2730262779999997,2.2651472,3.2310977659999995,2.9992488369999997,3.106589268,3.1033809569999997,3.184984711,3.363897986,3.358041095,3.4948058309999994,3.950375166,4.189642012999999,4.435996016,4.846191299999999,5.2296879359999995,4.4910575
HRV,MtCO2eq,GHG emissions from road transport,3.236019231,2.5462913429999996,2.4443458879999995,2.628350703,2.8448705989999996,3.0082421869999996,3.242092804,3.642839766,3.8283309219999997,4.062743848,4.098520157,4.150305015,4.4348308009999995,4.911145884,5.064674649,5.254505394,5.601459594,5.960458440999999,5.8480138639999995,5.8443296689999995,5.6547918720000006,5.541678332999999,5.349976214,5.423187657,5.369805746,5.698762349,5.915040578999999,6.379537657999999,6.068224534,5.923293491,5.292919737999999
HTI,MtCO2eq,GHG emissions from road transport,0.1888876172,0.1763167924,0.1700003451,0.15426603539999997,0.05039379157,0.2110048128,0.2456005888,0.2676882504,0.6446246382,0.6675268250999999,0.7151792087,0.7861254941,0.8276204417999999,0.8018742772999999,1.132601794,1.1646066689999999,1.193249647,1.3413317479999998,1.3413317479999998,1.321604443,1.087802287,1.112973145,0.9723390807,0.9016945718,1.177007681,1.416525286,1.435561212,1.4539590989999998,1.4376331219999998,1.4031785719999998,1.20133272
HUN,MtCO2eq,GHG emissions from road transport,7.791099943,6.984528999999999,6.816564099,6.859743791,6.689627034,6.909323948,6.903163148,7.334213052,8.220167618,8.717222799,8.721957142,9.200631687,9.817190351999999,10.26076216,10.7709654,11.70434437,12.52716884,12.910418609999999,12.82380237,12.73659403,11.521166,10.672010329999999,10.32559981,9.643819749999999,10.76297465,11.826691429999999,12.07575017,12.700433259999999,13.53395351,13.67556934,12.58162246
IDN,MtCO2eq,GHG emissions from road transport,29.25677965,31.453743019999997,33.22487937,35.033251009999994,39.28216146,42.99008822,47.52993531,52.99241075,52.230073929999996,52.53082268,56.410922359999994,59.57201704,60.65357889,61.45601393,62.379179619999995,62.97176182,59.661838329999995,61.43350938,65.41837,74.22412376999999,80.29593354999999,97.64009001,116.19295849999999,122.19809099999999,122.6446453,110.73158179999999,119.7539269,126.14276509999999,133.88069159999998,131.567379,96.05555598
IND,MtCO2eq,GHG emissions from road transport,48.07614905,51.0954674,54.256262109999994,57.68472739,62.15863685,70.52902897,75.79645947,78.52296315,81.399249,85.93751807,87.61232059999999,86.86545784999998,89.85768665,91.38102606,99.55637956999999,104.5569398,108.97097709999998,129.3103736,149.03596169999997,164.4796691,178.28645269999998,193.0624888,205.4882068,209.6997056,218.76601,239.8470214,250.2653948,269.49126,273.7548123,282.4670558,252.150747
IRL,MtCO2eq,GHG emissions from road transport,4.707426672,4.894691868,5.317882223,5.2939982,5.5218345609999995,5.714030029,6.638313150999999,6.992672735999999,8.281694866999999,9.157613246999999,10.1900453,10.64791596,10.84658395,11.024954679999999,11.6772616,12.48579316,13.48608168,14.122865769999999,13.309853289999998,12.032323859999998,11.397435609999999,10.51184,10.22877663,10.33687908,10.79785813,10.837390099999999,11.63020507,11.38268008,11.81673814,11.68761598,9.717206921999999
IRN,MtCO2eq,GHG emissions from road transport,39.670449899999994,42.88091293,44.75028814,50.47817093,57.485960299999995,56.438173649999996,60.69764784,62.05803617,64.57500071,68.01567717,73.64626335999999,78.14298409999999,84.79867746,89.88693562,95.46897695,103.3354251,110.1880195,108.16763449999999,113.16658849999999,115.95907759999999,117.4863744,116.4810599,122.6923054,126.17553259999998,128.6821415,123.68175109999999,127.2523747,133.4380306,137.94098609999998,148.0285391,137.8502882
IRQ,MtCO2eq,GHG emissions from road transport,22.041796199999997,18.574787859999997,23.564023549999998,24.804069260000002,25.08756068,25.02651732,24.441098619999998,24.04823247,24.50889426,24.51045181,26.693034039999997,29.17774359,28.11711493,21.84349674,24.44076329,26.37880662,26.21331999,25.9956644,24.92397848,25.60125372,28.13572542,33.22498998,35.97552432,35.71683707,29.29932921,25.14580264,25.61082514,29.147990179999997,31.22948056,31.54468613,27.309912999999998
ISL,MtCO2eq,GHG emissions from road transport,0.5468800629,0.5657441273,0.5595600417,0.5595596997999999,0.5721588399,0.5594543018999999,0.6157324537,0.5372192726999999,0.568590508,0.5875147064,0.5971296385,0.6029721481,0.6119558136,0.6114838197,0.6425953947999999,0.6420954251,0.834672884,0.8979383569,0.8437105599,0.8462999456,0.7989148828999999,0.7896035093,0.7777452776999999,0.7905782406999999,0.768576525,0.8103238693999999,0.8864231517,0.9610403029999999,0.9591324351999999,0.8125577009,0.6051734561
ISR,MtCO2eq,GHG emissions from road transport,8.082945519999999,8.346778913,9.137013210000001,9.664976123999999,10.390068699999999,11.408945199999998,12.03853717,12.80763476,11.93274742,12.692746849999999,13.51957131,13.808933449999998,14.368714339999999,14.912411409999999,14.96145844,14.288330649999999,14.52383088,15.25374475,16.75381435,16.62826423,17.65629851,16.69128261,18.247621739999996,17.29579102,18.404756589999998,19.2697433,19.82624731,20.1886428,19.085209239999998,19.413544289999997,16.22714376
ITA,MtCO2eq,GHG emissions from road transport,94.05909985999999,96.00460901,101.23773809999999,103.3151872,103.07830909999998,105.276538,105.8073752,107.260251,110.94775279999999,112.050332,111.88684109999998,114.0450074,116.2671274,116.68205569999999,118.9070004,117.7694424,118.8184144,119.2874873,112.32691369999999,107.18216309999998,104.5937702,104.44501779999999,98.14112470999999,96.18152368,101.1502101,98.75186234,97.25946556999999,93.12643420999999,95.06322202999999,92.37790940000001,76.45861768
JAM,MtCO2eq,GHG emissions from road transport,1.0527741149999998,1.0181488079999998,1.0796335069999998,1.1687299169999998,1.171826839,1.408358192,1.6201774389999999,1.708560874,1.8580459159999998,1.9442484569999998,1.949885355,1.899940135,2.088927546,2.08368375,2.1351774389999996,2.230404292,2.170419724,2.088354542,2.059793392,2.015628761,1.87921128,1.8637772479999999,1.581343212,1.6784005519999998,1.7619119529999998,1.719812612,1.8898193049999998,2.0289065689999997,2.4425579799999997,2.3840200769999997,2.03660986
JOR,MtCO2eq,GHG emissions from road transport,2.717148161,2.5342470959999996,2.673496236,2.761000685,2.7620900059999998,3.019671795,3.067725024,3.214432202,3.2556484589999997,3.3358548339999996,3.60353066,3.7159561389999998,3.7731170119999997,3.83063539,4.393960563,4.838279087,4.743202612999999,5.089541507,4.611684104,5.144626444,5.20754235,5.3457512529999995,6.875171911,7.1186411220000005,7.046122916,7.848129372,8.318818456,9.145569993,8.154917496,8.235864878,7.761202719999999
JPN,MtCO2eq,GHG emissions from road transport,181.1233923,191.8924405,198.4243065,202.1844414,211.08024939999999,219.1574546,225.28694299999998,225.28467859999998,225.40629869999998,229.8366078,228.9673378,233.4713033,229.72191039999998,225.970892,222.07212959999998,216.3279894,213.2821975,211.00133169999998,204.7595115,202.66167209999998,203.1278444,199.0021199,199.06938069999998,196.4515638,191.4659375,190.51504269999998,188.5223839,186.611606,175.6846497,169.7147996,148.5142318
KAZ,MtCO2eq,GHG emissions from road transport,12.21420999,15.39856223,13.52819638,11.7874021,8.109129968,7.7300932300000005,7.417523558,6.377673725999999,6.79330415,4.728278434999999,8.110706655,7.312283727,8.114043005,7.546586941999999,8.145875054,8.356396357,9.340807628,10.707468699999998,12.92779712,11.62875206,12.073708159999999,12.53133824,13.48808164,12.927838109999998,12.906302789999998,13.40314146,14.269237289999998,13.749001279999998,12.957904029999998,12.1786421,11.880249609999998
KEN,MtCO2eq,GHG emissions from road transport,2.5832523459999996,2.6758515189999996,2.4515214,2.252056332,2.21351852,2.533406807,2.645345914,2.619937745,2.6939366579999997,2.6590346609999997,2.69854703,2.6627566529999998,2.737008501,2.429865605,2.703350252,2.8410332489999996,3.180935813,3.235369475,3.34388724,4.201995193,5.035500212,4.657544015999999,4.941123018,5.8892668,6.581387327999999,8.061331096,8.843913683,8.724671147999999,8.907509982,9.292642063999999,7.590586999999999
KGZ,MtCO2eq,GHG emissions from road transport,6.086069546,4.702077649,2.736564494,1.595099366,0.5033873781999999,1.076043316,1.194890266,1.273790292,1.2386397779999998,1.146998208,0.8603852288999999,0.898927403,0.7863252111,0.9474289760999999,1.1975813899999999,1.100966695,1.176113314,1.763889026,1.978227381,2.2935608,2.001687949,2.797371325,3.971300595,3.946037973,3.1454918709999995,2.694709738,3.30078799,1.8431047279999997,2.190469554,2.06769453,1.79124957
KHM,MtCO2eq,GHG emissions from road transport,0.08762163116999999,0.09628304558,0.1039541809,0.1026517454,0.11158586509999999,1.0866703359999998,1.0597978289999999,1.084307291,1.2319588419999998,1.193308447,1.124005797,1.266605837,1.124237116,1.135480945,1.1455532549999998,1.2210723449999998,1.3059690979999998,1.682761331,1.774159342,2.271084461,2.648589622,2.796633523,2.927411747,2.977938032,3.2535116929999996,3.6017269429999996,4.199053775,4.521627066,4.933908561,5.08769967,4.91855054
KIR,MtCO2eq,GHG emissions from road transport,0.0035813291599999996,0.003737354526,0.003988389464,0.003939131340999999,0.004281010521,0.004368226742,0.004193068309,0.0039006753829999995,0.00370017401,0.003552733921,0.007194011304999999,0.005791309224,0.008021909737,0.008623740026999999,0.009024420572000001,0.0127677019,0.014870671019999998,0.01086314813,0.017968361389999996,0.01876262254,0.02256854589,0.03173808297,0.029058706539999996,0.026016906109999998,0.024291931929999996,0.02824267118,0.027000208799999998,0.02778783016,0.02859036471,0.029479321019999997,0.028565890139999998
KNA,MtCO2eq,GHG emissions from road transport,0.006460230024,0.009366862883,0.009973922489,0.01136017828,0.01370404739,0.01166038882,0.013971262109999999,0.01501590316,0.02161167393,0.02441250587,0.04536625094,0.04693326643,0.044345530120000004,0.048337549290000004,0.05470472543,0.052674740219999995,0.0537269083,0.05525850675,0.05483029295,0.06294181543,0.06533666055,0.06712914178,0.07078589632,0.07456502770000001,0.0764420527,0.07494142502,0.07396300874999999,0.06183934056,0.06005299584,0.058613735,0.050142519399999995
KOR,MtCO2eq,GHG emissions from road transport,32.26459161,37.08559978,42.12548021,47.56212386,53.549887719999994,60.77477475,66.70380415,67.33128649999999,55.44898952,60.65422246,66.93787947,70.18288455,75.43208813999999,77.70536163,78.39838054,79.45862622,80.36922179999999,82.98173381,80.75105592,81.95547441,83.77640899,83.54046354,85.0753501,88.97253081,89.78444968000001,94.91391995999999,97.10389729999999,99.13865612000001,96.95382437,95.78002185999999,89.96391026999999
KWT,MtCO2eq,GHG emissions from road transport,2.888983779,1.9327661299999999,4.611600701,4.861440723,5.127386082999999,5.43146033,5.542628382,5.792798476,5.9388871739999995,6.110133814,6.125892884,6.2298050289999995,6.618861083,7.186104669,7.649673653,8.275469184999999,9.373704387,9.681173816,10.64689998,11.8287535,12.62805058,11.76275739,12.62093046,13.248894759999999,13.446953599999999,14.13483436,14.31737139,13.291070869999999,13.1648853,12.448641619999998,11.32664906
LAO,MtCO2eq,GHG emissions from road transport,0.046333150309999994,0.057146101149999996,0.06168733447,0.060903848159999996,0.06869660585000001,0.07359514927,0.0772301203,0.08074972689,0.07658471688,0.07352476261999999,0.21033537119999998,0.21431857899999998,0.20773576729999998,0.2292882172,0.22939483859999998,0.2688198582,0.3449200506,0.26605278739999993,0.448661424,0.6078991966,0.7652788061,1.203723152,1.249796811,1.1314274329999998,1.094529495,1.407783297,1.268519477,1.140752088,1.1761815379999998,1.2128579240000001,1.1721541899999999
LBN,MtCO2eq,GHG emissions from road transport,1.8990122819999997,2.373719922,3.294671802,3.841621151,3.607890856,4.261348144,4.416248511,4.248283913,4.541885015999999,4.3257807779999995,4.075213521999999,3.802221318,3.810911759,4.065748889,4.080668316,4.111027515,3.9583562359999998,3.110126362,4.5068702410000006,5.183427418999999,5.112130125,5.128200553999999,8.182041574,6.774344544,7.1835370339999995,8.415615176000001,8.936358643999998,9.400649421999999,8.840833456,8.928819432,8.39972604
LBR,MtCO2eq,GHG emissions from road transport,0.1663182704,0.11460188319999999,0.1076660957,0.1166999881,0.11446101369999999,0.12064893649999998,0.1276819688,0.131908375,0.1367106612,0.1453766288,0.17892904449999997,0.1903118317,0.1936982973,0.2142970566,0.22897390669999998,0.27459502809999997,0.2822837024,0.2600169081,0.23127741649999997,0.21676326740000001,0.33257058829999997,0.3725485347,0.43007655959999996,0.4025539472,0.5176874663,0.5381354117,0.6426291536,0.6038526446999999,0.6348523916,0.6404160092,0.5645762
LBY,MtCO2eq,GHG emissions from road transport,6.257336445,6.305379793999999,6.395036054999999,7.521248100999999,8.937601128,9.623675653000001,10.633600589999999,10.205911859999999,10.058353669999999,11.07155466,11.25647592,11.62218119,11.84952985,12.02884473,12.5343381,12.905754369999999,12.936468210000001,11.7758931,13.48507802,15.6603444,18.34298373,13.767813019999998,17.001471199999997,17.85429336,19.76359171,15.368155289999999,18.516643469999998,17.47892244,17.90617738,18.4927912,15.015547
LCA,MtCO2eq,GHG emissions from road transport,0.021558383570000002,0.023281080239999998,0.02479446995,0.02310039319,0.02805593542,0.02800426311,0.02859474075,0.030741679049999998,0.044245009489999994,0.04997967833999999,0.08617462768999999,0.09352853708999999,0.07298914998,0.08789560782,0.09230072749,0.09840271382,0.09770262897999998,0.09826335465,0.1003240827,0.1097828882,0.1182723097,0.11933712699999999,0.1268829128,0.1338120761,0.1367539595,0.1315377951,0.1277348858,0.1285712829,0.12485719519999999,0.12186467029999999,0.10425222399999999
LKA,MtCO2eq,GHG emissions from road transport,2.250604658,2.241564677,2.4867682469999997,2.7028723539999997,2.968801595,3.1130415559999998,4.364553417999999,3.919399512,4.217786636,4.591465855999999,4.6020907520000005,4.725828946,4.896220432,5.199977967,5.212870661,5.9048677529999996,5.566663867999999,5.9321752839999995,5.340836442,5.0354013129999995,6.512940262,7.1805688729999995,7.163655583,7.609114378999999,7.976772957999999,8.529544876,9.173161367,10.813565939999998,9.833430210000001,10.60839933,8.751647517
LSO,MtCO2eq,GHG emissions from road transport,0.04765093056,0.05828389,0.052350812649999995,0.050741079689999996,0.05549380624,0.058488983829999994,0.059758586759999996,0.061738114899999995,0.05931855219999999,0.06308082891,0.1522569576,0.1530497082,0.16111481119999999,0.1626699713,0.1680699212,0.1744323727,0.17253549999999998,0.26004563579999995,0.1844827153,0.21695021809999998,0.219237401,0.2307235983,0.2594079169,0.2751712966,0.2805936302,0.28746280729999996,0.3192250047,0.3415166178,0.35904721669999995,0.35991777519999996,0.32821084
LTU,MtCO2eq,GHG emissions from road transport,5.221041759999999,5.786891109,3.7003831779999996,2.746862597,2.052976307,2.739439677,3.01843761,3.4216620129999997,3.630858345,3.2385239009999998,2.84630458,3.1313720099999998,3.232296313,3.272748416,3.611769862,3.8301946339999997,4.08257978,4.784767905,4.757797939,3.939132665,4.0613585699999994,4.03554047,4.054756427999999,4.072990947999999,4.548325957,4.858840876,5.251354424,5.5208890429999995,5.736597557,5.727855846,5.314423992999999
LUX,MtCO2eq,GHG emissions from road transport,2.6683239389999995,3.174176504,3.4716721809999997,3.5160320839999994,3.5785416199999998,3.401970924,3.4969017059999996,3.698774054,3.862991333,4.286433085,4.893465947999999,5.136147911,5.346352029,5.907400063,6.885695157,7.268846315999999,6.958343784999999,6.675980365,6.770397093999999,6.2408372729999995,6.604161653999999,7.003144577,6.6798997810000005,6.535670843999999,6.241694911,5.779946373,5.604062308,5.703156151999999,6.004972338,6.073420520999999,4.724174725999999
LVA,MtCO2eq,GHG emissions from road transport,2.3955548799999997,2.222636884,2.023475972,1.994572463,1.909984943,1.7989180809999998,1.723116317,1.7431524939999998,1.7402773529999997,1.7396600589999998,1.945350053,2.333786326,2.4021597719999996,2.516205088,2.64914953,2.776480946,3.1228446290000003,3.5429534249999994,3.3275145099999994,2.8979228119999996,2.988062156,2.60070537,2.4896659079999997,2.5366987599999997,2.682865779,2.874217049,2.929094127,3.0904669389999997,3.1123707979999997,3.444435796,3.068823649
MAR,MtCO2eq,GHG emissions from road transport,3.926683329,4.360912776999999,4.82995882,5.25780503,5.679285734,6.024486514,6.436548677,6.873986502,7.311329785,7.808992036999999,8.217815516,8.629328669,9.040735647,9.417151497999999,9.840255024,10.24519185,10.55185118,11.21455451,12.28698562,12.997231269999999,13.671120109999999,14.47068473,14.68245535,15.155743939999999,15.3589411,16.31981123,17.03331093,17.62703255,17.18470684,17.442321399999997,15.426221
MDA,MtCO2eq,GHG emissions from road transport,2.416455407,1.785031469,1.686254165,1.038568586,1.058358746,1.0833258179999998,1.006549469,1.068845551,0.9140501524999999,0.5783237068,0.607654928,0.6481994943,0.8438157867,1.0426821659999999,1.0801663479999999,1.091033886,1.106649118,1.2322089609999998,1.52210424,1.4706285319999999,1.6973622309999998,1.816100387,1.583973034,1.691655631,1.777025226,1.924786438,2.003740105,2.022562294,2.114806986,1.9966050139999998,1.73587104
MDG,MtCO2eq,GHG emissions from road transport,0.2622520981,0.3372118651,0.3317111886,0.3311092406,0.35834128739999993,0.397511516,0.4061332902,0.4246529849,0.4253907637,0.45236930829999994,0.7519694767999999,0.7276835797,0.5457569235,0.7299783097,0.7886355925,0.7736478416,0.7683162214,0.8019176481,0.8697835186999999,0.7519249651,0.7801990881,0.854075484,0.9865199817,1.012166582,1.087674022,1.2769062949999999,1.454667075,1.351106669,1.4204638840000001,1.481867927,1.2096691
MDV,MtCO2eq,GHG emissions from road transport,0.02015606232,0.02080501381,0.022442881829999997,0.02592163172,0.05654905504,0.07928990551,0.07945455238999999,0.06401911235,0.06688311141,0.06421239979,0.1424262852,0.1126953201,0.1273329462,0.1144582161,0.1462155,0.14357102119999998,0.1904770768,0.1578959971,0.2539076224,0.32316742509999996,0.39547833109999997,0.6508528536999999,0.7683812314999999,0.7172125583,0.8955336204,0.740936049,0.7034567434,0.737297905,0.7585917322,0.7823525054,0.752868996
MEX,MtCO2eq,GHG emissions from road transport,81.22287061,87.14676535999999,87.96653610999999,90.26027965,94.78158053,87.10622799,89.24425914,92.88795388999999,95.36849798,97.08685003,101.29860159999998,104.353482,107.1434707,113.70061940000001,120.166902,127.4847746,134.5849572,142.55201409999998,148.6436545,145.98351369999997,148.5958043,149.2706368,150.30749719999997,148.5887861,148.97807319999998,148.03782769999998,153.2283889,149.2942959,148.75287859999997,137.3870039,103.1326634
MKD,MtCO2eq,GHG emissions from road transport,0.7561459856999999,0.7624173244,0.7624535211,1.342952024,0.9363521287999998,0.8807704006,1.668814109,1.3888386059999998,1.013118561,1.079249334,0.9794768007,0.9481858978,0.9938876592,0.9961053488999999,1.0174947879999998,1.023420653,1.0204465839999999,1.167363298,1.1923470779999998,1.281362931,1.348425292,1.416787803,1.359118262,1.543016962,1.61649081,1.80024377,2.0588838579999997,2.153256237,2.116140619,2.301421282,2.0433848219999997
MLI,MtCO2eq,GHG emissions from road transport,0.1336009385,0.1634362109,0.1554028726,0.1522083192,0.14927781429999998,0.15733599669999998,0.1709376753,0.17658989069999997,0.1814638654,0.1929614825,0.3507709511,0.3535713283,0.3708419312,0.3771775075,0.38505611279999996,0.40473410159999995,0.48008677879999995,0.5691978619,0.6818928048999999,0.884081449,0.8615130335,0.9464078168,1.049254604,1.192930734,1.248833028,1.400899742,1.436581107,1.707537303,1.7951898419999999,1.8109571789999999,1.5956525
MLT,MtCO2eq,GHG emissions from road transport,0.4569064772,0.5140465337,0.5328778586,0.6019457744,0.6019510302,0.7014918537,0.5517508664999999,0.7547315812,0.6592167332,0.6054723116,0.4627955171,0.43115307059999997,0.29065167249999996,0.3703883977,0.4506051041,0.4786294189,0.49124828169999996,0.503557928,0.5530578491,0.4871099341,0.5124296098,0.5028332125,0.49968635139999995,0.5058367322,0.5153647676,0.5373705105,0.5372427042,0.569072753,0.5036953476,0.5110370537,0.4590780309
MMR,MtCO2eq,GHG emissions from road transport,1.286775568,1.207353817,0.9678716703999999,1.511568492,1.7133176449999998,2.590829981,2.792038983,2.281800285,2.836089628,2.880411757,3.384909859,2.676455571,3.289816018,3.6615913669999998,4.049848791,4.523484099,3.782343636,4.2727655339999995,1.682297419,1.837026456,1.8144970179999997,1.855925056,2.249547174,2.526214913,2.7933992059999997,3.041280235,3.19684425,4.3896414009999996,4.479280213999999,4.624863445,4.453652405
MNG,MtCO2eq,GHG emissions from road transport,1.1405288589999998,0.7339943132,0.6924989654,0.6008058835999999,0.5496952256,0.6195374639,0.6322470534,0.5878216237,0.695892514,0.6387239862,0.7689772381,0.7404700147000001,0.8071642889999999,0.8579756060999999,0.8993707119,0.8549084414,0.9407817984,1.1599160759999998,1.2330194069999998,1.093257192,0.9855960483999999,1.135171693,1.3512555889999998,1.332375083,1.430530672,1.484447446,1.309511007,1.434494754,1.511242802,1.558709837,1.4926031899999999
MOZ,MtCO2eq,GHG emissions from road transport,0.5357121732,0.4326347346,0.6198166149000001,0.7838917535,0.6291491101000001,0.6643095703999999,0.7447418198,0.7573752229,0.7731986866,0.7763467611999999,0.7793385927,0.7726116925,0.8367749629,1.029512738,1.04579655,0.9647545208999999,1.039156846,1.295457734,1.2666883089999998,1.411939202,1.5831023089999998,1.8274798700000001,1.784373227,1.935086658,2.078743159,2.374179179,3.724855765,3.976258293,4.602291015,4.801932218,3.9296401359999997
MRT,MtCO2eq,GHG emissions from road transport,0.2679864169,0.3436450801,1.01622822,1.021968657,0.9994233549999999,1.068789566,1.102190429,1.1432709699999999,1.150741995,1.2237278559999998,0.4683045116999999,0.4871589637,0.5403909342,0.5630908125999999,0.5979543897,0.6323839765,0.617730291,0.6953173133999999,0.8604321652,0.8623431591,0.8321852014,0.8996880257,1.039443161,0.968971751,1.1439965989999998,1.173857497,1.1354216089999998,1.291702895,1.358012621,1.3699216499999998,1.20751042
MUS,MtCO2eq,GHG emissions from road transport,0.09506291029,0.0982633179,0.1077621659,0.1141503898,0.12684062869999999,0.133234736,0.13957664799999997,0.13962024509999998,0.1428550395,0.35192245529999994,0.7329709059999999,0.7331236093999999,0.7588883876999999,0.7877667819999999,0.8037259673,0.8165632206999999,0.8293786206,0.7902147493999999,0.8027808335,0.8374957049999999,0.8756148377999999,0.8851761114,0.9202472528999999,0.9392835171,0.9646903356,1.002699728,1.0567910619999998,1.0780825619999999,1.1027917779999998,1.1504670819999998,0.9394355899999999
MWI,MtCO2eq,GHG emissions from road transport,0.1465608733,0.2275077053,0.20436624209999998,0.18991591949999997,0.200735438,0.22537344909999998,0.2302406741,0.23784219739999998,0.2382345193,0.2533221926,0.29697557880000003,0.2752894561,0.2664312095,0.2959851811,0.3089392527,0.2806816942,0.29629789819999997,0.284850809,0.3473689634,0.3131618489,0.3846657084,0.3646336255,0.3733452268,0.40824304629999997,0.403874481,0.3832695955,0.4701014192,0.41355137249999996,0.4347810137,0.4535764656,0.37031
MYS,MtCO2eq,GHG emissions from road transport,14.24869023,15.29975125,16.26279365,16.90177124,18.878638079999998,20.023279499999997,22.82299261,26.1994591,24.53076442,29.960955109999997,31.68862784,34.3607062,35.20527316,37.51302286,40.26839486,40.05494125999999,38.230344869999996,40.82269146,42.96467561,42.02321492,43.298734659999994,43.5580571,43.71452367,57.38692465999999,64.33212646999999,59.848426579999995,61.84898456,59.81599736,57.984518259999994,60.975240219999996,51.888878819999995
NAM,MtCO2eq,GHG emissions from road transport,0.6624804264999999,0.46741089449999995,0.4972647783,0.5138339654999999,0.5503456228999999,0.6067331059,0.9712698475,0.9913292238999999,1.038378125,1.0685097239999999,1.058881979,1.293782769,1.1399257269999998,1.186998163,1.263910692,1.506278794,1.3329513849999999,1.3393071939999999,1.4535078899999998,1.619424923,1.695670423,1.7190729269999998,1.67698051,1.78104927,1.89458892,2.008201769,2.0216010779999998,2.002361743,1.9913450069999998,1.9961664609999998,1.8214327399999999
NER,MtCO2eq,GHG emissions from road transport,0.1845063538,0.22921988659999998,0.20534006189999998,0.21079744549999999,0.21119261939999998,0.22262014089999999,0.2323557519,0.24006474619999998,0.24048855609999997,0.2557466136,0.3508685454,0.3667363418,0.36681949399999997,0.3955297457,0.40519617229999993,0.40536644839999997,0.4180475213,0.4915997944,0.5014179471,0.6580019226,0.808641345,0.7800212243,1.0499844909999998,1.115213303,1.178652412,1.21597433,1.185401867,1.243462473,1.3838964639999998,1.3960248579999999,1.2307329699999998
NGA,MtCO2eq,GHG emissions from road transport,11.70125355,15.35256031,18.70729987,16.07085781,12.91586703,14.99369507,17.2080738,22.02206244,14.236165159999999,19.77265801,20.491064679999997,23.062975239999997,27.09925984,29.3293486,29.919357809999997,26.28730776,23.56274373,21.31970113,25.57432076,23.927865219999997,27.97487985,25.133321829999996,25.870698819999998,44.804302899999996,49.371323909999994,44.804302899999996,51.24379922999999,51.27702968999999,66.12541193999999,66.71500899,58.522158999999995
NIC,MtCO2eq,GHG emissions from road transport,0.7127951809,0.7925484475999999,0.9071288135,0.9170864546,0.9371148360999999,1.036913591,1.07893429,1.14995879,1.266341124,1.357972834,1.395668198,1.401253192,1.4607335909999999,1.4834605079999998,1.4123971329999998,1.402635289,1.444593192,1.468895167,1.389218331,1.4316598109999998,1.4505917709999998,1.507383624,1.630024492,1.570770027,1.719054455,1.94566421,1.978416791,2.101544238,2.0239428659999996,2.184109493,1.87573445
NLD,MtCO2eq,GHG emissions from road transport,26.55696407,27.00182703,28.544977839999998,29.425619489999995,28.857560449999998,29.229545199999997,30.45518,30.46738148,31.193272139999998,31.707118819999998,31.664930149999996,31.916399469999998,32.65048589,33.20276439,33.7182306,33.876281340000006,34.72460952,33.91623409,34.24449205,32.716102289999995,33.195584249999996,33.27030753,31.893963359999997,30.958152809999998,28.72210753,29.11903009,29.384816739999998,30.037009339999997,30.054133699999998,29.34921916,26.77330959
NOR,MtCO2eq,GHG emissions from road transport,7.846263582999999,8.230274212,8.359091931,8.766485655999999,8.712118439,8.98600846,9.433111141,9.411705323999998,9.581641536,9.329563349999999,9.021066153,9.346134627,9.483461299,9.427573669,9.779094265,9.820918823999998,10.303800859999999,10.66221265,10.40350685,10.10413757,9.642777355,9.585452863999999,9.603858653999998,9.594731407,9.736701503,9.803476671,9.439219314999999,8.76322191,9.032645952,8.609143744,8.112086479
NPL,MtCO2eq,GHG emissions from road transport,0.34222648139999995,0.4073209633,0.4414945102,0.4860720439,0.5613971313999999,0.6295158284999999,0.6499362266,0.7458619374000001,0.7800646067999999,0.7833994891,0.8347657168,0.7591479827000001,0.7999059428999999,0.7928530557,0.8475107835999999,0.8472234272,0.8966952465,0.9205565697,1.3541377350000001,1.7737451899999999,1.9645068849999998,1.984534526,2.192453441,2.472088892,2.754964624,2.3731896609999996,3.9484238319999996,4.833520199,5.370989034,5.5386370949999995,5.348052599999999
NZL,MtCO2eq,GHG emissions from road transport,7.5651218039999995,7.666548939,8.038983057,8.3002425,8.748926691,9.374987017,9.573943183999999,9.941465327,10.105959539999999,10.32660701,10.486152109999999,10.616274970000001,11.17972733,11.565849199999999,11.86901015,11.97279897,12.17271693,12.4738565,12.53261744,12.34106188,12.36525045,12.30486322,12.3708378,12.55151032,12.636786919999999,13.107487710000001,13.46702646,14.40997447,14.60863206,14.86926387,12.19965925
OMN,MtCO2eq,GHG emissions from road transport,1.712184746,1.835225229,1.984404455,2.1147753099999997,2.146757948,2.229533194,2.312203234,2.457536577,2.536562998,2.586789875,2.668834464,2.9268366329999997,2.85632308,3.084713208,3.2549578009999998,3.72224356,4.150158031,6.2364763,7.393834173,7.441184832,8.22589394,9.558533486,10.84563893,11.958393029999998,12.545178929999999,13.24067107,12.43458203,12.306325189999999,12.35882516,12.773625789999999,11.053301999999999
PAK,MtCO2eq,GHG emissions from road transport,13.02577092,13.54872989,15.481509659999999,17.80963396,18.834844519999997,19.627047089999998,21.96917323,22.53925288,23.64722749,24.906550739999997,24.59009576,24.56945707,24.880971989999995,26.20799035,28.23678189,26.252783969999996,26.753645699999996,32.383126329999996,31.45567403,32.071383420000004,32.578769179999995,34.50824384,35.3190804,36.13963876,38.61456275,43.60045811999999,45.96865440999999,53.50234006,56.54710125,50.62058268999999,48.430538590000005
PAN,MtCO2eq,GHG emissions from road transport,1.2920692520000001,1.349517098,1.451353452,1.562639093,1.670795477,1.7567532649999997,1.842903691,1.963843176,2.1903229619999998,2.340437651,2.356747833,2.258066849,2.3947264219999997,2.458400526,2.585835126,2.5065708509999998,2.614477096,2.8205861789999997,3.050249502,3.372590032,3.554219174,3.6787620139999997,3.725925546,3.6901622659999997,3.900700606,4.374698501,4.7192047829999995,4.78312938,4.285978775999999,4.624669854,3.9621635509999997
PER,MtCO2eq,GHG emissions from road transport,6.960142115,6.339087446,6.897516588,7.070633258,7.85241219,8.64900617,9.0160923,9.3139276,9.279963857999999,9.729250367,9.601069578999999,8.977962585999999,8.863432861,9.34158507,10.56586011,10.063082960000001,10.84707324,11.32593826,13.88562226,15.213591,16.626288159999998,17.085563519999997,17.47752376,18.733061489999997,18.773544440000002,20.58695762,22.439062449999998,22.79265619,23.030397519999998,23.58815257,17.714837
PHL,MtCO2eq,GHG emissions from road transport,11.633095619999999,11.27941864,12.92882233,14.483881649999999,15.18727869,17.42041389,19.22989066,20.31964072,20.476703809999997,20.92269173,20.83481257,21.08043743,22.12978175,22.04336564,22.77084604,21.75920334,20.37469493,20.43323516,20.16076317,20.890663129999997,21.0398285,20.70691685,21.60589963,22.482702749999998,22.99080464,26.576969629999997,29.19234789,30.22370375,30.58613887,31.22384346,25.3690025
PLW,MtCO2eq,GHG emissions from road transport,0.5229937136,0.5190974119,0.47445372989999995,0.48557476699999996,0.7267456935000001,0.6008661851999999,0.5392280522,0.5543050878,0.4583181716,0.4777207366,0.5212545193,0.5286616012,0.3090176065,0.3859875687,0.33017574629999996,0.4031040519,0.43095455959999995,0.3070403958,0.4483353501,0.8658064540999999,0.9513728455,1.1974938459999998,2.339717585,1.241820367,0.5634219444,0.5313227478999999,0.5086586323,0.531760426,0.5471175455999999,0.5641357169999999,0.5464728427
PNG,MtCO2eq,GHG emissions from road transport,0.46343488909999997,0.4723934721,0.5063276704999999,0.4998394852,0.5324008482,0.5469563799,0.5253107713999999,0.5012840680999999,0.45744938469999996,0.4392188657,0.5501192277,0.6184204051,0.6219472332,0.7336854320999999,0.8307958366999999,0.8498612387,0.9009570513999999,0.7829371433,1.159527576,1.467538266,1.6862258589999999,1.619183104,2.513468718,2.3984123459999998,2.337665433,2.3953696549999997,2.725137099,2.470762941,2.542082722,2.620990536,2.5443793539999997
POL,MtCO2eq,GHG emissions from road transport,18.176743199999997,19.67102278,20.43991919,20.004867859999997,20.940346039999998,21.7255098,24.870080559999998,26.43778478,27.95724632,30.53160195,26.680352109999998,26.47008269,25.56058384,27.86247614,31.5829348,33.8935714,37.546435689999996,41.70826443,43.642682689999994,44.20302708,46.78350652,47.36340671999999,45.3931862,42.44000689999999,43.06997382,46.05135828,52.639768,60.97346786999999,62.69259879999999,63.89685677,59.71599377
PRK,MtCO2eq,GHG emissions from road transport,4.750758074,4.222498708,3.4318713969999997,3.1470983919999997,2.113066106,2.56125145,2.064483327,1.142745033,2.148564579,0.8967386694999999,1.725023539,1.588555382,1.592017831,1.5538516999999998,1.566911796,1.3203709169999998,1.009580368,1.20811973,1.2370496329999998,1.332836239,1.342347332,1.352036987,1.332820653,1.460897108,1.358431216,1.4260499469999999,1.4647023700000001,1.416719584,1.403588855,1.447405604,1.3973558
PRT,MtCO2eq,GHG emissions from road transport,9.290361356,10.01607374,10.943135029999999,11.52042135,12.10957079,12.594517329999999,13.391740259999999,13.929030509999999,15.19400419,15.91633149,17.20582094,17.45522077,17.972661329999998,19.035186449999998,19.5792915,18.75541201,18.69629532,18.50762537,18.559248219999997,18.127805579999997,17.87077128,16.6025923,15.227707969999999,14.98257947,15.195747699999998,15.22465366,15.72445172,16.02851416,15.844525449999999,16.3491085,13.236657130000001
PRY,MtCO2eq,GHG emissions from road transport,1.593472598,1.4945698799999998,1.80409374,2.2571154900000003,2.5561834009999997,2.9286837809999997,2.954178029,3.321233349,3.48070273,3.472285148,2.791352585,2.9791873309999994,3.1543475649999997,3.3620420699999998,3.352852918,3.0240962629999997,3.2023646409999995,3.441114227,3.635172511,3.784403951,4.436541430999999,4.658753891,4.709379028,4.750709883,4.986061439,5.488413684999999,6.4241145159999995,7.2931223869999995,7.674189094999999,7.6939355119999995,6.5737829
QAT,MtCO2eq,GHG emissions from road transport,1.493830897,1.50653993,1.605469643,1.698059327,1.8073750519999998,1.9933139599999998,2.124677346,2.377297407,2.498195991,2.32268489,2.450517241,2.6510836159999998,2.937906783,3.401840313,3.797672984,4.775827701999999,5.697857067999999,6.593709032,8.466355780999999,8.517717312999999,8.919190815999999,9.900074238,9.360473613,10.24709447,12.38070089,12.86094716,13.25751092,13.530796109999999,15.21614381,16.69460325,12.4215234
ROU,MtCO2eq,GHG emissions from road transport,10.85515931,9.172064068,8.390949068,7.0228809839999995,7.653748759999999,7.031805779,10.19525515,9.806081266,9.605871443,8.010531868,8.210544203,10.846008099999999,10.906642199999999,11.73530866,12.2039658,11.7239273,12.218882619999999,12.23141889,13.8580467,14.07423774,12.99440508,13.1715024,14.64005922,14.30926274,14.91762105,14.984642199999998,16.09864882,17.159795850000002,17.6803118,18.33677339,17.868446929999998
RUS,MtCO2eq,GHG emissions from road transport,156.00192230000002,156.25266209999998,148.42367330000002,117.64698229999999,107.2565172,96.9605107,90.14002106,88.7851902,104.6747066,104.7743939,102.8821429,109.208399,108.5177385,110.90183359999999,117.8595041,115.3838619,122.5795687,121.6795205,135.0233243,139.8937546,143.0690078,144.1307324,142.2351698,145.92964669999998,153.240492,152.2316425,147.6385464,150.9614039,141.9872713,145.2491349,136.5433469
RWA,MtCO2eq,GHG emissions from road transport,0.208484793,0.2601539219,0.23370170329999998,0.21075431039999998,0.2112359716,0.2269731125,0.2318939817,0.23956693859999997,0.23997688169999998,0.255189799,0.2157905332,0.2139965069,0.2200379789,0.21923600429999998,0.2172178831,0.22065648519999997,0.22384600589999998,0.2249761299,0.23236964499999999,0.2474862309,0.25994733989999996,0.2944483471,0.3355160786,0.3803003725,0.3844424683,0.4411052778,0.4615071007,0.46468112159999997,0.4885364278,0.5096513126,0.41590165
SAU,MtCO2eq,GHG emissions from road transport,48.36310993,50.238895539999994,53.27463642,56.1891151,60.050166499999996,52.90198716,55.82102757,56.56432535,56.80061284,57.04153867,59.70615143,61.594305139999996,65.28283456,67.58967541,71.04046507,74.7370402,80.84117206,90.1900831,97.31695244,100.3291852,104.03170349999999,109.3556065,119.0835609,122.97693909999998,129.8188993,140.30763219999997,134.9357744,122.0893151,112.4801737,113.53134259999999,110.0625754
SDN,MtCO2eq,GHG emissions from road transport,3.9869088689999996,3.151350955,3.142953381,2.064877561,2.9990942089999995,2.81273045,2.667236702,3.151757918,3.00459048,2.2987947429999998,2.6175130189999996,3.402739865,3.9126728099999997,3.7547156889999997,4.111524769,4.820346520999999,5.821131908,6.362062417999999,7.60351124,7.615845944,8.543631605,8.597498536,9.361869905999999,9.849167611999999,10.23719457,10.81695489,12.0914931,11.72146224,11.63352359,12.136913419999999,9.938082
SEN,MtCO2eq,GHG emissions from road transport,0.6728900873,0.6924157760999999,0.7310721635,0.7055509531999999,0.6863933936,0.7184594188,0.7795093676999999,0.8406371986,0.9178020433999999,1.004520509,1.075016034,1.065266415,1.167965169,1.2932639799999999,1.415371123,1.373631372,1.483812097,1.832851479,2.0168918689999997,1.8677636309999999,1.970988223,2.0905069629999997,2.0193316859999997,2.2320703909999997,2.345620475,2.603602157,2.838578233,3.041758524,3.0112993820000002,3.037088538,2.6951985
SGP,MtCO2eq,GHG emissions from road transport,4.108432189999999,4.977348871,4.807146867999999,4.770158584,5.187996533,5.704214607,5.161878258999999,5.118881525,5.134665104,5.192400678,5.275206226,5.374524201,5.345787980999999,5.361681355,5.466849402999999,5.652491005,5.871185553,6.067014391,6.185882406,6.073674518,6.178471593,6.599470451999999,6.583097113,6.331352667999999,6.584475048,7.059605758,6.908256066999999,6.7625049939999995,6.709130039,6.522890532999999,6.22757516
SLB,MtCO2eq,GHG emissions from road transport,0.03339990516,0.03448119440999999,0.03720065527,0.03673676006999999,0.03992519319,0.04073852954,0.03910979101999999,0.03637809977,0.03450821361,0.03313175542,0.037285704749999996,0.035789493730000004,0.03382485714,0.036155347289999994,0.03540912797,0.038401072689999996,0.040852822409999996,0.03591194706,0.05171247484,0.061583960459999997,0.07757584708000001,0.1158716296,0.10846798429999999,0.10193933509999999,0.09609118192,0.10582736449999999,0.08363687012999999,0.13096065799999998,0.1347429509,0.13893250459999998,0.13462759789999998
SLE,MtCO2eq,GHG emissions from road transport,0.2961322896,0.3837425372,0.2485079911,0.24367996299999997,0.2268746939,0.27502476270000004,0.27611980109999995,0.3007284133,0.3012628905,0.32037775939999996,0.1596174859,0.2045118503,0.2123173599,0.2212119587,0.2307664008,0.1991124771,0.263983359,0.23664010159999999,0.22649005679999998,0.2414788102,0.2520810334,0.3238995922,0.3903439071,0.49101844929999994,0.5258221628,0.43489676659999993,0.46515262609999997,0.4575718701,0.4810614631,0.48528182569999995,0.42769189
SLV,MtCO2eq,GHG emissions from road transport,1.279658556,1.395311298,1.615105556,1.765087737,1.879713235,2.139085632,2.1189214229999997,2.156816112,2.3156160839999997,2.633354238,2.55048928,2.565900757,2.4893886299999997,2.710847553,2.8659999989999996,3.0874171839999995,2.970682427,3.18119314,2.982854304,3.08705058,3.042586097,3.1435237419999997,2.7657229229999998,2.8061308969999996,2.8277080449999996,3.331569757,3.480503578,3.40460175,3.6467569139999996,3.935004444,3.372732443
SOM,MtCO2eq,GHG emissions from road transport,0.2816915598,0.2053439235,0.17097127739999998,0.1767348984,0.1733442257,0.1827153961,0.18667617269999998,0.1928543232,0.1931861845,0.2054352937,0.2806987122,0.2845705176,0.3174063177,0.32064660729999994,0.316058103,0.3269384169,0.3306253249,0.3309753698,0.3287659216,0.3366731066,0.33627881449999997,0.3383237674,0.3521398226,0.3726158442,0.36389502339999996,0.3907882524,0.41325118349999995,0.4173221854,0.43874514769999995,0.4577110318,0.37359879999999995
STP,MtCO2eq,GHG emissions from road transport,0.017727494139999998,0.0229652848,0.02062460687,0.02020593456,0.024371961459999997,0.02568814602,0.02624036393,0.02711598559,0.02716369354,0.02888757585,0.024813966049999997,0.02461697765,0.02833914189,0.0318112825,0.036016682859999996,0.03968956168,0.041289272349999996,0.04193078761,0.046227076480000004,0.050923928599999994,0.05418868021,0.05619421095,0.06193572963999999,0.06553686414,0.06400278162,0.06883757223,0.07428290371,0.07826018967000001,0.08227765625,0.07882322155,0.067904584
SUR,MtCO2eq,GHG emissions from road transport,0.19104732289999998,0.1927766234,0.193199301,0.18765536019999998,0.19212446449999998,0.1964530712,0.1956426644,0.21949807359999998,0.31514737229999995,0.3559894957,0.18956019799999999,0.18946418909999999,0.2367405585,0.2523929554,0.2680095655,0.2836472493,0.3025712155,0.2899786063,0.32459019209999995,0.36243792839999994,0.3813619857,0.36560414339999997,0.39712075929999996,0.416043722,0.416043722,0.4318024765,0.40654700050000003,0.4133710564,0.4028108403,0.4038917364,0.34284729999999997
SVK,MtCO2eq,GHG emissions from road transport,4.13615974,3.4330424139999995,3.595266293,2.977157629,3.4018389179999997,3.847267112,3.566725759,4.167420213,4.234711342,4.306143958,4.120463615,4.102090468,5.1424314419999995,4.597546447999999,4.571194009999999,5.120753186,5.183819638,5.676137604,6.109055654,5.404495141,6.2836030990000005,6.075599823999999,5.972278619,5.956125101,5.820322407999999,5.715332752999999,6.379289566,7.436032997999999,7.352035739,6.989756867,6.524044550999999
SVN,MtCO2eq,GHG emissions from road transport,2.6372457799999998,2.486869409,2.55340524,3.0968335529999997,3.4640607689999996,3.861754379,4.388666008,4.597827204,3.81547679,3.606074098,3.549090566,3.707533878,3.816752319,3.870890444,4.053742,4.323619322,4.5630495269999996,5.169092374,6.089828980999999,5.103395232,5.23773164,5.593887714999999,5.614217366,5.312345928999999,5.320306079,5.294326872999999,5.675879103,5.481344656,5.478363366999999,5.221158436,4.042259524
SWE,MtCO2eq,GHG emissions from road transport,18.394621949999998,18.20610914,18.94018332,18.681119829999997,19.42688523,19.517027579999997,19.37660335,19.51942034,19.790418149999997,20.20809881,20.304210519999998,20.20261132,20.53923919,20.75612314,21.1449225,21.5759059,21.599314699999997,21.67681835,21.20977545,20.65645982,20.867788579999996,20.43782785,19.73304026,19.407357429999998,19.688988769999998,19.35627762,19.60019207,19.346648039999998,17.58177932,18.79282985,17.07255868
SWZ,MtCO2eq,GHG emissions from road transport,0.1018030145,0.1442596835,0.1207404621,0.1427028266,0.15117879029999998,0.15935601879999997,0.16282180059999998,0.16822699359999999,0.1685304147,0.1792284187,0.25940396109999997,0.2558323475,0.2633727518,0.2678942013,0.2621354116,0.2675988458,0.2673577505,0.2746799324,0.2840249202,0.2839184816,0.2781510319,0.2829579469,0.2998649196,0.3235019574,0.32799928259999994,0.3542588194,0.4085610752,0.3876348158,0.4075348597,0.408522303,0.3726117
SYC,MtCO2eq,GHG emissions from road transport,0.12497041349999999,0.17332960579999998,0.1539704602,0.1554629877,0.1524754776,0.1663778225,0.1700077067,0.18657840299999998,0.1869389312,0.19883382930000001,0.35624065889999995,0.38215650309999993,0.34334747899999996,0.34600184689999997,0.4756820606,0.44389898129999994,0.4730972954,0.3836475398,0.41966714409999994,0.46947749339999995,0.41353468209999994,0.35721728480000003,0.42781999349999994,0.4067629053,0.46461344109999997,0.4985501476,0.5769295186,0.5682104745,0.5973791593000001,0.6159705655,0.5964087619999999
SYR,MtCO2eq,GHG emissions from road transport,7.338802945,7.7004352240000005,7.237918819,7.595657129999999,7.615656305999999,7.594806728,8.441650433,8.635843431,8.903418392999999,7.5385526050000005,7.767761502999999,7.573694314,8.180765963999999,7.501696549999999,9.664522039999998,13.08840478,13.93735892,14.9461744,14.91168199,12.638986289999998,12.16908303,12.5710366,10.27147005,6.322387445,5.871149078999999,5.5435682470000005,5.12764277,4.945922838,4.7117108619999994,4.758483162999999,4.48382918
TCD,MtCO2eq,GHG emissions from road transport,0.09810752527,0.11735381939999999,0.10543606979999999,0.049694232709999994,0.05329092154,0.056175649689999996,0.05739903442,0.06423309496,0.06435082899,0.06843709398,0.09759790497,0.09341881916,0.09514988948,0.09501581174,0.09860380808,0.10873245649999999,0.1107738287,0.1103305092,0.1114789127,0.120911751,0.1277711312,0.1352413609,0.1411514537,0.15061904569999998,0.14709194,0.15588772039999998,0.1639934972,0.1598435983,0.1680492153,0.1609845216,0.138808128
TGO,MtCO2eq,GHG emissions from road transport,0.43162535509999994,0.325928444,0.2745720236,0.16926008059999997,0.3288343313,0.3990616596,0.6646919624,0.43754829599999995,0.49131863909999995,0.5837292327,0.43846062249999995,0.2968007096,0.48537833179999995,0.7094944777,0.6514577998,0.6222375844,0.5848826084,0.651568091,0.8801741716999999,1.9512474069999999,1.619069344,1.498006205,1.270696477,1.347452428,1.427474546,1.5075687379999998,1.584324651,1.6542527539999998,1.901649489,1.918192213,1.6947397
THA,MtCO2eq,GHG emissions from road transport,26.183763719999998,27.18872387,29.31279623,34.477243,38.386159740000004,46.01736011999999,50.84339426,50.67741014999999,43.80729801,45.24070443,44.153993719999995,45.33334156,47.824241189999995,51.13571662,54.93135907999999,54.89822914,51.19869478,54.35527009,51.89771750999999,55.324580039999994,56.095715139999996,58.89182331,61.60572215,60.999126569999994,58.930830789999995,62.56563293,66.49928777,72.56846287,71.32163591,71.72197973,64.4393497
TJK,MtCO2eq,GHG emissions from road transport,0.7462679394,0.7462686291,0.373134816,0.298508921,0.1990063586,0.1834588706,0.1399226122,0.1399189669,0.1181516566,0.06218375675,0.04352768358,0.09282387334999999,0.12376616459999999,0.10210767309999999,0.1361448042,0.12735017369999999,0.1675787486,0.2601075844,0.2570245349,0.24157994330000002,0.2724929194,0.2910361273,0.8878156199,0.9109815760999999,1.5488385439999999,1.342319629,1.292975087,1.1890478889999998,1.441815638,1.361089023,1.1781182239999999
TKM,MtCO2eq,GHG emissions from road transport,4.179648092,3.0806474959999997,3.056820387,2.5501992259999997,2.406832702,2.219595936,2.566373987,2.2300606469999997,3.0641437289999995,3.3953920969999998,3.795884435,3.610987796,4.132668556,4.6885910619999995,4.887680036999999,4.969138886,4.97324945,5.343665627,5.57766541,5.803350285,6.453768551,6.57246958,6.9923033949999995,7.097646298,7.952494400999999,7.952494400999999,7.952494400999999,7.952494400999999,8.009417989,8.198797993,7.701468869999999
TLS,MtCO2eq,GHG emissions from road transport,0.03309386807,0.03416779405,0.03677776676,0.03640598931,0.03956280384,0.04035953757,0.038648339569999995,0.03602084295,0.03416253179,0.03279774897999999,0.034501904130000004,0.03254405151,0.030764804469999997,0.03181745708,0.03367999358,0.0366548076,0.03916817338,0.03246081844,0.052746824789999994,0.07070352816,0.08914365640000001,0.140922198,0.15460153940000002,0.20611767189999997,0.2205156748,0.2393453365,0.2097107775,0.2595463881,0.26704226729999997,0.2753582996,0.26644072999999996
TON,MtCO2eq,GHG emissions from road transport,0.0186379442,0.019544433439999998,0.0200012023,0.019755586569999997,0.02917816407,0.02690999912,0.029290269909999996,0.028577342659999998,0.02756297575,0.026463794529999998,0.02167497909,0.01841825422,0.01887463138,0.02404656786,0.02175801697,0.025127842759999998,0.029580693699999997,0.020270699219999997,0.032341706989999996,0.04201586187,0.046289486989999996,0.06674630494,0.06277631305999999,0.05392010452,0.054337522719999996,0.06266561486,0.059503428149999996,0.0543639046,0.05593397587999999,0.05767309975,0.055886085669999995
TTO,MtCO2eq,GHG emissions from road transport,1.3210914839999999,1.379388133,1.3093099709999998,1.213971155,1.299595366,1.3480026189999998,1.405413188,1.525898698,1.5696339259999998,1.584902191,1.6579784499999999,1.657760216,1.68930896,1.7039568330000001,1.7985385859999998,1.852223948,2.347643811,2.5135982149999996,2.7342130759999996,2.7604880959999996,2.9147726809999996,2.893669432,2.824984642,2.6630841729999997,3.0239545139999997,3.038008888,2.7249575569999998,2.762499336,2.3464873379999998,2.1883463990000003,2.103027337
TUN,MtCO2eq,GHG emissions from road transport,2.480210025,2.582928463,2.659644812,2.98704059,3.0992889789999998,3.179283106,3.290171833,3.5211452119999995,3.6288409489999998,3.871993151,4.042571345,4.16734564,4.273093631,4.410695144999999,4.451841061,4.622966654,4.594503906,4.721234132,4.681794868,5.741718896999999,5.925243575,5.668969508999999,5.658451458999999,5.606648518,6.094310243,6.498869108,6.5169248490000005,7.0651281500000005,6.945168015999999,7.1719272489999994,5.8838482999999995
TUR,MtCO2eq,GHG emissions from road transport,25.70743279,24.71508561,25.04761747,29.98557735,28.55222514,31.34931361,33.02896061,30.12827807,27.4307627,30.23138191,31.56803012,30.09188137,31.612768449999997,31.3764115,31.3827353,32.30725675,37.281820829999994,42.44224509,40.34659521,39.86067584,39.86068219,40.42959146,48.08045179,52.24512881,55.75983262,67.52969311,73.69344098,77.68687064,74.96619315000001,75.14412945999999,67.63659082
TZA,MtCO2eq,GHG emissions from road transport,0.7068104854,0.6617556467,0.6902544226999999,0.7187432977,0.7187225702,0.9055317467999999,1.210957607,1.185038501,1.403840429,1.166814895,1.4705933829999998,1.7622233899999997,2.211531327,2.330049416,2.416245681,2.7179634999999998,2.8076104419999997,2.7908142689999997,3.037884042,2.960816804,3.482045751,3.9838316249999997,5.11639282,5.592890832,5.3912269429999995,5.616446446,5.215026755999999,5.23303459,5.315202016,5.545005753999999,4.529636599999999
UGA,MtCO2eq,GHG emissions from road transport,0.242134317,0.3219521911,0.3031942099,0.30617122529999996,0.308826178,0.321305885,0.3332182614,0.3542959954,0.40240957780000003,0.4279753591,0.5477330964,0.5603070531,0.5838132038999999,0.6191406182,0.6454747191,0.8250713979,0.982558096,1.17517686,1.1791882599999999,1.309689994,1.4695994879999998,1.5709777409999999,1.55049157,1.7084163899999998,2.015765485,2.0779940839999997,2.237863606,2.3310140299999995,2.4506753900000002,2.5566116009999997,2.0871003
UKR,MtCO2eq,GHG emissions from road transport,47.910770719999995,57.638182439999994,32.84440671,27.37811763,24.135659719999996,24.68687124,21.535471969999996,27.51555281,24.94449671,20.0358268,19.52947544,20.926135209999998,22.251231719999996,21.206709809999996,22.405926479999998,21.619432760000002,22.143088789999997,27.282451199999997,27.24190746,25.09905135,25.580834879999998,25.41233348,26.206543149999998,25.6537896,21.337890469999998,19.10144187,20.863142829999997,21.43269982,21.0698357,21.28212597,20.008479780000002
URY,MtCO2eq,GHG emissions from road transport,1.45979621,1.5392566349999999,1.6793906829999998,1.908810956,2.1604247269999997,2.158766901,2.318272421,2.525289927,2.695004434,2.781752577,2.436069633,2.448203651,2.2147166609999998,2.1291724389999995,2.2488967069999997,2.310310679,2.402851637,2.5830000129999995,2.692527421,2.79148898,3.126717523,3.263076423,3.318542511,3.455137233,3.454853606,3.526214628,3.625581778,3.775758862,4.077574419,4.088312672,3.4830597999999995
USA,MtCO2eq,GHG emissions from road transport,1193.734319,1178.477966,1214.222876,1239.041289,1283.237314,1318.46126,1348.901216,1377.215602,1423.626256,1466.184287,1485.481537,1494.957572,1529.213534,1558.748901,1571.4487399999998,1578.7758709999998,1581.051293,1582.418815,1506.091819,1439.1017709999999,1490.985261,1424.6356899999998,1389.925654,1429.019584,1425.209699,1476.972648,1481.463288,1484.4180039999999,1522.114081,1521.6985359999999,1303.308086
UZB,MtCO2eq,GHG emissions from road transport,5.588214445,7.826295716,6.525286163,6.019046829,5.863598107,3.956314837,5.06301545,5.565960388,5.985877918999999,6.091892787999999,6.103638449,6.002713507,5.90807898,6.4199439289999995,5.221196903,4.924018087,4.84296944,4.888286086,5.0770529699999996,5.5138808699999995,4.903911878,4.506267997,4.2668108789999994,3.938873541,3.7241873539999997,3.455431112,3.196165509,3.072449444,3.397226615,3.529900958,3.0215240199999998
VCT,MtCO2eq,GHG emissions from road transport,0.008631024655999998,0.008839605763999999,0.01152450623,0.008771016958,0.016658884429999996,0.018448427,0.01697539397,0.021464940409999998,0.033994146999999995,0.03840006651,0.03684227189,0.04437834264,0.04126708789,0.047416679819999995,0.05420235706,0.0564361271,0.05562360708,0.055302091,0.05485288753,0.08435482064000001,0.06257229035999999,0.057513213349999995,0.07564295386999999,0.06488813778,0.07007002997,0.06773879311,0.06518329348999999,0.05142054684,0.04993518059,0.048738357069999995,0.041694454
VEN,MtCO2eq,GHG emissions from road transport,28.9551543,30.66927136,30.18247619,32.372387679999996,32.87216901,33.98934596,35.36401985,32.753557459999996,33.44616395,33.42154337,34.38569545,37.071155090000005,36.0299796,36.6068784,38.27873922,42.58685523,40.36220917,43.68826195,45.08263138,47.26032427,48.87791874,43.76612340999999,53.570989469999994,44.849512049999994,50.727343479999995,46.08831602,40.583063149999994,34.17158906,31.05658561,22.47710189,18.0016173
VNM,MtCO2eq,GHG emissions from road transport,3.833503349,3.5266193309999996,3.8094324709999996,6.555216383,7.189927214999999,6.788861212,7.490184666,8.226722686999999,8.740401528,9.431890858,10.219839,11.00497838,13.52204748,15.3372421,18.853613649999996,19.02026544,18.94508121,22.196517319999998,23.53942941,28.266016239999995,30.108344649999996,29.83592031,29.303838879999997,28.46936669,29.06173305,31.451913679999997,34.52517134,36.20614737,36.372236969999996,38.70197365,33.91255724
VUT,MtCO2eq,GHG emissions from road transport,0.022958892510000002,0.019817275069999998,0.011186007589999998,0.01104572794,0.012004408069999998,0.01224895702,0.01176007078,0.01093789395,0.010375649369999998,0.009962184177999999,0.0188926738,0.01985233741,0.01790483765,0.021725104909999998,0.01708314323,0.01852687648,0.01798423372,0.02333838215,0.033999899619999996,0.04703147090999999,0.05760409841,0.10180368869999999,0.07794165948,0.06641067982,0.0707702641,0.0729502065,0.06673948170999999,0.07485186917999999,0.07701365554,0.07940837455,0.07694773944
WSM,MtCO2eq,GHG emissions from road transport,0.02536692058,0.026188148069999997,0.02529331161,0.027901249059999998,0.030322904109999996,0.03094052868,0.029714230289999997,0.02762883869,0.02620861028,0.025163063529999998,0.0344549099,0.0338955242,0.03260046584,0.034839265429999995,0.034178755479999996,0.03818253611999999,0.04185446065,0.035367964829999994,0.053592093439999995,0.06679130651,0.08185420617,0.1293597596,0.1203571649,0.1068853367,0.1015773002,0.1558840785,0.1276175078,0.1560815609,0.1605895294,0.1655827643,0.16045196239999998
YEM,MtCO2eq,GHG emissions from road transport,4.074678157999999,5.204991889,5.481759253999999,4.471208004999999,4.513750694,4.035560417,3.8339667319999995,3.843731525,4.147988291,4.587662346,4.470157614,4.91948391,4.31676729,5.1094298689999995,5.305349035,5.655244471,5.247351263,4.791531844,5.104806684,8.221289994,7.209702402,6.7138642829999995,5.527471078,8.370283277999999,8.445748086999998,3.0975717599999997,2.726717134,2.6310127299999997,2.5461227159999997,2.5715275129999995,2.41536371
ZAF,MtCO2eq,GHG emissions from road transport,28.630933539999997,28.75932937,29.02460564,28.23471669,29.49359629,33.16732107,32.47717613,33.34715938,33.02178864,33.38878559,33.26994542,34.07698245,34.65556668,36.57984579,38.622174439999995,40.63561917,41.78109967,45.982255079999995,46.10207085,44.15598565,45.49023952,47.307380939999994,47.520283819999996,51.95383475999999,49.688816859999996,51.95163201,49.294904259999996,51.59134717,51.86087325,51.23141715,43.84199828
ZMB,MtCO2eq,GHG emissions from road transport,0.6983710503,0.8813880130999999,0.8409922344999999,0.6005977408,0.7401199448,0.7446173926999999,0.5720108523999999,0.678461267,0.6477434763,0.6203667797,0.6734855195999999,0.7076464039999999,0.7418069400999999,0.7914158366,0.8472594442,0.9093428761,0.9363700167,0.4457085692,0.47667421279999994,0.5658605147,0.6189566001,0.6928451517,0.8796089187,0.9465910088999999,1.086569081,1.293825462,1.2333745839999999,1.168382302,1.1297708929999999,1.17851258,0.9563107
ZWE,MtCO2eq,GHG emissions from road transport,1.3507146899999998,1.0367739999999999,1.564650113,1.432117342,1.5605949609999998,2.113851563,2.082019121,2.082097384,2.082180794,2.9571874670000002,1.817673001,1.7165069059999998,1.579186533,1.3105590449999998,1.149727896,1.231798108,1.190223676,1.148556491,0.9470079257999999,1.0621423629999998,1.270149843,2.188023615,2.488403681,2.766777097,2.45426485,2.4111533429999996,2.071870685,2.1144715929999998,2.626263147,2.739741811,2.2369323
