category,country,unit,variable,1990,1991,1992,1993,1994,1995,1996,1997,1998,1999,2000,2001,2002,2003,2004,2005,2006,2007,2008,2009,2010,2011,2012,2013,2014,2015,2016,2017,2018,2019,2020
Petroleum refining [Energy systems],AGO,MtCO2eq,GHG emissions from petroleum refining (part of Energy systems),0.1858206535,0.1913548855,0.1996577335,0.1830530375,0.2051919655,0.20801763599999998,0.210785252,0.21631948399999998,0.2024253495,0.22462233199999998,0.20801763599999998,0.21631948399999998,0.22462233199999998,0.19412250150000002,0.2051919655,0.20801763599999998,0.1996577335,0.20801763599999998,0.2051919655,0.2385164665,0.24128408249999997,0.21631948399999998,0.227388948,0.25235354649999997,0.2551211625,0.2939798955,0.2190871,0.2057685105,0.201444423,0.19284196979999998,0.168071
Petroleum refining [Energy systems],ALB,MtCO2eq,GHG emissions from petroleum refining (part of Energy systems),0.2103544475,0.2103544475,0.2162378875,0.2162378875,0.2162378875,0.1426948875,0.11415591,0.1020140465,0.10089095649999999,0.069845521,0.0835225505,0.066575241,0.084507372,0.073235224,0.034246773,0.0882384195,0.0526454855,0.0554170195,0.089305887,0.0646270415,0.0381239085,0.050940743999999996,0.026210473499999998,0.0109028765,0.034246773,0.0,0.0,0.0,0.0,0.0,0.0
Petroleum refining [Energy systems],ARE,MtCO2eq,GHG emissions from petroleum refining (part of Energy systems),0.2551211625,0.263481065,0.266248681,0.2606563945,0.28285337699999996,0.2967475115,0.3161198235,0.35774617249999996,0.32171211,0.332781574,0.382710771,0.40490775349999997,0.4576035665,0.4603711825,0.47697587849999995,0.4576035665,0.4797434944999999,0.440941816,0.4381742,0.5352069235,0.6600289159999999,0.7015972105,0.6960629785,0.709957113,0.7043648265,1.131469563,1.175801473,1.238650878,1.347163458,1.292947587,1.05043
Petroleum refining [Energy systems],ARG,MtCO2eq,GHG emissions from petroleum refining (part of Energy systems),7.860882859,9.095347648999999,9.442377232999998,9.434307635,6.926729363,7.624059663,6.952929246,8.081731698999999,7.560498093999999,8.169442775,7.627419009,7.437939326,7.068038605999999,7.133500002999999,6.4599736409999995,6.855299194,6.84465387,6.514378583999999,6.892872764,7.188682914999999,7.374863722,7.2008138409999995,7.798447492999999,6.353802508,7.775445538,7.649772679999999,7.523273402999999,8.008954383999999,8.056375644,7.504272143,6.9273766
Petroleum refining [Energy systems],AUS,MtCO2eq,GHG emissions from petroleum refining (part of Energy systems),6.2579806289999995,6.563798186,5.605714867,5.555621233,5.883819511,5.7535712839999995,6.21895021,5.720405706,6.1729145899999995,6.613987198999999,6.668223585,6.660540935999999,6.309918943,6.724519127999999,6.293942153,5.7111949630000005,5.172389718,5.321899959,5.042585117,4.805983793999999,6.251665395999999,6.3037246399999995,5.90515675,5.517032133,5.040900637,4.685485894,3.9597972089999995,3.8453744989999996,3.4143674789999996,3.46341259,3.0525583999999997
Petroleum refining [Energy systems],AUT,MtCO2eq,GHG emissions from petroleum refining (part of Energy systems),2.142568699,2.073220654,2.031205736,2.374107796,2.4337710299999995,2.2776541069999996,2.008927923,2.087349812,2.101427233,1.5639785759999998,1.6633778719999999,1.68155518,1.844439872,1.4925657369999998,1.724673385,2.042281105,2.286297507,2.189490893,2.2630289500000003,1.584879759,2.087771049,2.119988726,1.753254677,1.521300827,1.608564617,1.375158087,0.7707962338000001,1.063779493,0.9109724657999999,0.9433711630999999,0.834821168
Petroleum refining [Energy systems],AZE,MtCO2eq,GHG emissions from petroleum refining (part of Energy systems),1.869276999,1.797959583,0.9788583009999999,0.7705523925,0.727714899,0.27968237949999997,0.682052735,0.6449806914999999,0.6592211530000001,0.6192673845,0.57077955,0.42525999200000003,0.2711493135,0.2711493135,0.33964305949999996,0.4965784085,0.41949454199999997,0.5781362217,0.7373078950999999,0.9500235733,0.9349457809999999,0.9596314096999999,1.048624746,1.1376979950000001,1.14721057,1.0185774509999999,1.006099412,1.029148415,1.0259302959999999,1.061599283,0.989763
Petroleum refining [Energy systems],BEL,MtCO2eq,GHG emissions from petroleum refining (part of Energy systems),3.986549052,4.554354602,4.5114637769999995,4.415046769999999,4.577519203,3.9441131329999997,4.514567044,4.633058093,4.435439661,4.0809748269999995,4.687608849999999,4.675573279,4.677789969999999,4.858125812,4.619078567,4.197887196999999,4.393538356,4.479425908,4.6434931509999995,4.527711292,4.622175059999999,3.9128323309999997,4.156599548,3.940675534,4.198561767,4.238548261,4.221134291,4.425912111,4.497354735999999,4.2982916399999995,3.2713933799999997
Petroleum refining [Energy systems],BGD,MtCO2eq,GHG emissions from petroleum refining (part of Energy systems),0.13938921840000001,0.1268930889,0.1362069743,0.1636294368,0.1684698826,0.1833964158,0.1712372986,0.2038627562,0.1771941845,0.1857864315,0.1979157616,0.2045440572,0.19624220939999998,0.2190570014,0.18408202299999998,0.1085135632,0.1265462137,0.1234411657,0.1081759312,0.0873758647,0.1296512617,0.1386287739,0.1234411657,0.1386287739,0.1206737497,0.1265462137,0.1202584915,0.1465918504,0.1512886573,0.149287119,0.1310554
Petroleum refining [Energy systems],BGR,MtCO2eq,GHG emissions from petroleum refining (part of Energy systems),0.8593049704,0.7168089595,0.6157910231,0.8135381995,0.7891975735,0.9646506585999999,0.9323159518,0.6792099344999999,0.54107739,0.804047238,0.6436420294999999,0.6538318590000001,0.6859318207,0.5985161027,0.6544090601,0.68798327,0.8268210703,0.7789788135,0.8053230502000001,1.017520623,0.9498436476,0.9339124414,0.9473447214999999,0.9769384588,0.9032038525999999,1.1582316959999999,1.2067754929999999,1.2463110560000001,1.3084853749999998,1.357288315,1.2387663
Petroleum refining [Energy systems],BHR,MtCO2eq,GHG emissions from petroleum refining (part of Energy systems),2.77833058,2.7698381469999998,2.721571596,2.718870617,2.739806565,2.755584542,2.871319898,2.79777925,2.809556614,2.667262809,2.6899153399999998,2.624782987,2.710444953,2.6232378979999997,2.630380808,2.691491543,2.667610546,3.188355207,3.484139984,3.109175695,3.490715318,3.243798065,3.4555003159999997,3.291366489,3.3448610669999996,3.726046035,3.5545226690000002,3.4827959330000002,3.4880884919999997,3.682166852,3.714245
Petroleum refining [Energy systems],BIH,MtCO2eq,GHG emissions from petroleum refining (part of Energy systems),0.0,0.0,0.0,0.0,0.0,0.0,0.0,0.0,0.0,0.0,0.0,0.0,0.0,0.0,0.0,0.0,0.0,0.0,0.0285389775,0.13416182149999997,0.094207453,0.191182722,0.045662364,0.311126998,0.290033561,0.286504233,0.26216211749999996,0.28009217999999997,0.32467605339999994,0.3296115379,0.2982707
Petroleum refining [Energy systems],BLR,MtCO2eq,GHG emissions from petroleum refining (part of Energy systems),4.7185504400000005,4.530963084,3.254740273,2.157775938,1.9643984259999998,2.0594123179999997,1.6728109580000001,2.216978641,1.98169757,1.63810031,2.2458249599999998,2.137405716,2.172905332,2.329277094,2.9273558659999996,2.862426231,3.0773581279999997,3.172696339,3.041885455,3.075614681,4.097411843,3.0145632669999998,3.263753129,3.3969606619999997,3.43562448,3.522122677,3.169651693,2.8381577719999997,2.763272515,2.654910629,2.439349
Petroleum refining [Energy systems],BOL,MtCO2eq,GHG emissions from petroleum refining (part of Energy systems),0.267813976,0.28477955699999996,0.2754860455,0.284417738,0.294553593,0.448791909,0.3492359899,0.2823800202,0.2841267785,0.260067174,0.24596485399999998,0.19452917749999998,0.1996577335,0.22416557449999996,0.21154054949999998,0.254665405,0.25749007549999997,0.329843652,0.252241295,0.316414248,0.255415587,0.265671699,0.3013702285,0.31047234,0.23719827549999997,0.297847315,0.37903164,0.3901973325,0.4084630719,0.40943862229999994,0.3525144
Petroleum refining [Energy systems],BRA,MtCO2eq,GHG emissions from petroleum refining (part of Energy systems),10.5787379,9.246278108999999,9.702568553999999,10.832423050000001,11.51304724,10.85441386,11.62513442,12.822262699999998,13.12736151,12.68863989,13.1648871,13.679376659999999,13.42542817,13.91883356,14.607741699999998,15.78133514,15.627656029999999,16.02022311,16.48606285,17.03044085,14.10272864,15.13946416,14.80160795,16.04334438,17.73406858,16.89253402,15.794495359999999,16.28356736,16.61512801,16.768228399999998,15.640406699999998
Petroleum refining [Energy systems],BRB,MtCO2eq,GHG emissions from petroleum refining (part of Energy systems),0.0019683475,0.0019683475,0.0019683475,0.002024586,0.002024586,0.002024586,0.0023057785,0.0023057785,0.013834671,0.014846963999999999,0.01304733206,0.024070078,0.019908429,0.0089419215,0.009223114,0.009560545,0.009785499,0.006467427499999999,0.009785499,0.0,0.0,0.0,0.0,0.0,0.0,0.0,0.0,0.0,0.0,0.0,0.0
Petroleum refining [Energy systems],BRN,MtCO2eq,GHG emissions from petroleum refining (part of Energy systems),0.002767416,0.002767416,0.022196982499999997,0.069300709,0.06653329300000001,0.0748931955,0.13312384049999998,0.152554207,0.163623671,0.1802854215,0.166391287,0.14972853649999998,0.1830530375,0.17746075099999997,0.13312384049999998,0.1469609205,0.17746075099999997,0.1858206535,0.171925519,0.0360340625,0.0415688945,0.03880147849999999,0.0304992305,0.03880147849999999,0.0304992305,0.0249643985,0.0277318145,0.0083599025,0.0039320369,0.004052592123999999,0.00396179
Petroleum refining [Energy systems],CAN,MtCO2eq,GHG emissions from petroleum refining (part of Energy systems),18.73997486,18.39226914,18.715273219999997,19.26021726,18.06573994,18.50984814,19.2800487,19.92855233,20.322797719999997,19.78218956,20.334553899999996,21.55879846,25.5775285,25.965108899999997,24.31825437,24.155596359999997,23.65979876,24.35127584,23.55277889,23.45026827,23.63742298,21.01639329,21.12004759,21.61192026,17.574963659999998,17.560056539999998,16.66872132,15.51339046,14.38391991,14.53057446,13.093705859999998
Petroleum refining [Energy systems],CHE,MtCO2eq,GHG emissions from petroleum refining (part of Energy systems),0.3673622579,0.48655391979999996,0.49403853899999994,0.5658578584,0.6537513935999999,0.6360219544,0.6775822826,0.6585750198,0.6736993083999999,0.6952060615,0.6253358268,0.6738807151999999,0.6999202449999999,0.6500495535,0.8986457737,0.9343859559,1.059933381,0.8800317031,0.9814222624999999,0.9295665012000001,0.9131978434,0.8440695777999999,0.7477259571999999,0.8974392968999999,0.9322493893,0.4286390107,0.3696809055,0.3608696673,0.30119429940000003,0.30785196730000003,0.2557739
Petroleum refining [Energy systems],CHL,MtCO2eq,GHG emissions from petroleum refining (part of Energy systems),1.6366580439999998,1.730596405,1.8599704629999998,1.690120399,1.816218745,1.9686631179999998,2.391073376,2.02769302,2.7738156860000003,2.519544703,1.9105182339999998,2.2598968349999997,2.878111524,2.625628783,3.132006502,3.0040502669999998,2.871769461,1.7706992949999998,2.611945325,2.316272201,0.9530116274,1.137287062,1.1973080349999998,2.037035592,1.4972820949999999,1.3422735149999998,1.1319176610000001,1.030711569,0.9901767613999999,1.035503488,0.9522633
Petroleum refining [Energy systems],CHN,MtCO2eq,GHG emissions from petroleum refining (part of Energy systems),18.60782557,20.14786694,22.951941769999998,20.802671079999996,21.15301369,25.70584592,19.59941056,28.66789121,26.8769293,25.383139949999997,28.33397947,28.81985478,28.70814348,33.27225492,39.13581638,33.61670702,33.29370538,33.85035857,34.65945850999999,39.03125815999999,70.93745511,80.08433193,79.92804598000001,86.69296892,87.51965052999999,95.94201953,102.99682419999999,118.706328,126.77174829999998,132.63385879999998,136.942026
Petroleum refining [Energy systems],CIV,MtCO2eq,GHG emissions from petroleum refining (part of Energy systems),0.17641220989999998,0.1826969414,0.22630231669999998,0.2730884522,0.2866669808,0.2013959578,0.36942833919999996,0.42216385129999995,0.3775645955,0.503654022,0.5376125285,0.5351812678,0.4568678865,0.2240218637,0.3577061143,0.521962814,0.1483446402,0.13970623699999998,0.22548839869999998,0.20830595379999997,0.1511314058,0.1244662964,0.17785436929999998,0.1719055928,0.16597695129999998,0.1635456903,0.1042868304,0.1251560007,0.1146947771,0.1156622578,0.1030005
Petroleum refining [Energy systems],CMR,MtCO2eq,GHG emissions from petroleum refining (part of Energy systems),0.0,0.0,0.0,0.0,0.0,0.0,0.0,0.0,0.0,0.0,0.0,0.0,0.0,0.0,0.0,0.0,0.17229632250000002,0.1660848825,0.1781694585,0.14671297049999998,0.15258610649999998,0.15845924249999999,0.126190849,0.088106974,0.123423433,0.06653329300000001,0.06653329300000001,0.054771775,0.043702110999999995,0.0418340247,0.0364619
Petroleum refining [Energy systems],COD,MtCO2eq,GHG emissions from petroleum refining (part of Energy systems),0.07128239,0.049603724999999994,0.034097968,0.037184421999999995,0.021678665,0.021678665,0.021678665,0.024765119,0.024765119,0.024765119,0.0,0.0,0.0,0.0,0.0,0.0,0.0,0.0,0.0,0.0,0.0,0.0,0.0,0.0,0.0,0.0,0.0,0.0,0.0,0.0,0.0
Petroleum refining [Energy systems],COG,MtCO2eq,GHG emissions from petroleum refining (part of Energy systems),0.0031057199999999997,0.0031057199999999997,0.0031057199999999997,0.0031057199999999997,0.0,0.0031057199999999997,0.0031057199999999997,0.0,0.0,0.0,0.0,0.0,0.0,0.0031057199999999997,0.0,0.0,0.0031057199999999997,0.0,0.0,0.0,0.0,0.0,0.0,0.0,0.0,0.0,0.0,0.0,0.0,0.0,0.0
Petroleum refining [Energy systems],COL,MtCO2eq,GHG emissions from petroleum refining (part of Energy systems),2.5704372589999998,2.566311903,2.586913295,3.1493315049999997,2.89530449,3.041074183,3.873215666,3.795938196,3.7820825399999998,4.223363963000001,3.72944395,3.3813789369999996,3.1718305869999996,3.195580293,3.187540227,3.2337843889999998,3.2729109249999997,3.265737052,3.3743816699999996,4.0458873429999995,3.941565825,4.136595026,4.066501338,3.909956285,3.5957260349999998,3.828875848,4.636197032999999,4.723129892,4.8676535880000005,5.018884792,4.6567099999999995
Petroleum refining [Energy systems],CRI,MtCO2eq,GHG emissions from petroleum refining (part of Energy systems),0.1186470491,0.0626784069,0.07828486371,0.0657846456,0.08139088748000001,0.10010231,0.09683132881999999,0.09683104101,0.0,0.0,0.0,0.05311972293,0.06872601784,0.07828599538999999,0.06872635608,0.059318315399999995,0.08113565399999999,0.08113565399999999,0.071818641,0.0655296574,0.0686353284,0.0437123188,0.0343176642,0.0312119932,0.0312119932,0.0312119932,0.0312119932,0.03028029204,0.02947277744,0.031814258709999994,0.0274994
Petroleum refining [Energy systems],CUB,MtCO2eq,GHG emissions from petroleum refining (part of Energy systems),1.233361386,0.7898223696,0.2488705848,0.17482972559999999,0.1309668822,0.2142890429,0.2876671462,0.1981439062,0.1474465368,0.13493247479999998,0.44735268939999995,0.6789925792999999,0.30820611589999997,0.44040175699999995,0.32706415149999996,0.31323083949999997,0.32532967849999994,0.19725311399999998,0.21085417199999998,0.5861801805,0.35558928549999996,0.5954391705,0.846364814,0.6584150195,0.7668859645,0.8478611169999999,0.504901179,0.46256353299999997,0.38239073009999996,0.37325813609999997,0.32167487
Petroleum refining [Energy systems],CYP,MtCO2eq,GHG emissions from petroleum refining (part of Energy systems),0.08551008176,0.08579194328999999,0.08889438077,0.07742113527,0.11194853699999999,0.08983784342000001,0.08390889059,0.08911671687,0.09222027028999999,0.10673760069999999,0.10391253019999999,0.0542528845,0.10697054549999999,0.10697054549999999,0.025713906999999998,0.0,0.0,0.0,0.0,0.0,0.0,0.0,0.0,0.0,0.0,0.0,0.0,0.0,0.0,0.0,0.0
Petroleum refining [Energy systems],CZE,MtCO2eq,GHG emissions from petroleum refining (part of Energy systems),0.1900526189,0.494493803,0.5247389620999999,0.5391746874000001,0.7134099307,0.5005686552999999,0.6292579097,0.5992176852,0.5564305096,0.5920061659,0.6434766948,0.8288379187999999,0.8248545377,0.814038363,0.8085173671999999,0.9335382073999999,1.014300687,0.9927662718,1.013852527,0.9131349432,0.9220852244,0.8722954595999999,0.8647123979,0.7661927109,0.8518930401,0.8995968675,0.6299317574,0.9007190468999999,0.8918516041999999,0.9096738072,0.8277019999999999
Petroleum refining [Energy systems],DEU,MtCO2eq,GHG emissions from petroleum refining (part of Energy systems),19.059310739999997,17.76808348,18.445454539999997,19.22674976,20.039956809999996,19.55838893,19.774816089999998,19.16239994,20.07360341,20.16264176,20.6297763,19.777600079999996,20.48983512,18.234254489999998,18.95912835,19.50484367,19.39013005,19.138076729999998,19.01764116,18.52408673,18.3556928,17.64423907,17.501491389999998,17.30983258,16.4447463,17.25383944,17.628950219999997,17.32441154,17.35535498,17.522322850000002,16.0058859
Petroleum refining [Energy systems],DNK,MtCO2eq,GHG emissions from petroleum refining (part of Energy systems),0.8413421584999999,0.8975826438,1.004062677,0.9950319873,1.022337681,1.129720076,1.232680848,0.955282483,0.8086973796,0.8287038891999999,0.8439486985,0.8524772304,0.8242156638,0.8526357632999999,0.8455462693,0.8090198464999999,0.8342337878999999,0.8354546748999999,0.7399092658,0.7682270877,0.6962465645,0.7937796537,0.8440457953999999,0.8173898114999999,0.7930581324,0.8679379816999999,0.7691633403,0.8468794957,0.8480506145,0.8352157859,0.6905941
Petroleum refining [Energy systems],DOM,MtCO2eq,GHG emissions from petroleum refining (part of Energy systems),0.0304992305,0.0360340625,0.0360340625,0.03880147849999999,0.0415688945,0.0415688945,0.03880147849999999,0.0415688945,0.03880147849999999,0.0415688945,0.044393964999999994,0.033266646500000004,0.03880147849999999,0.03880147849999999,0.03880147849999999,0.03880147849999999,0.03880147849999999,0.033266646500000004,0.0360340625,0.033266646500000004,0.0360340625,0.033266646500000004,0.0304992305,0.033266646500000004,0.033266646500000004,0.0194295665,0.0304992305,0.024099581,0.022819671099999998,0.022276707839999996,0.019239799999999998
Petroleum refining [Energy systems],DZA,MtCO2eq,GHG emissions from petroleum refining (part of Energy systems),2.903325599,3.0890820619999997,2.794032865,3.173277918,2.867559605,2.880040313,3.137974631,3.199361794,2.4568618119999996,3.2461969479999997,3.152712989,2.9294456899999997,2.99147823,3.0944719879999996,2.7273105959999997,2.6430919279999996,2.816544863,2.752805337,3.1996617400000003,3.305109812,3.4923698450000003,3.317586954,3.201572139,3.2572134459999997,3.9378926889999994,4.2622576819999995,4.041206463,3.621106776,3.705918116,3.838857455,3.40561
Petroleum refining [Energy systems],ECU,MtCO2eq,GHG emissions from petroleum refining (part of Energy systems),0.2151574623,0.10913226009999999,0.1897946704,0.17108780999999998,0.1679107954,1.029655372,1.1794515989999999,1.0057545159999999,1.119108027,1.158785162,1.3204894699999998,1.323234577,1.235483269,1.156473419,1.357188814,1.089240885,1.300644049,1.259959514,1.357469809,1.316791885,1.228891181,1.2850394639999998,1.280974925,1.2352745449999998,1.2480290719999998,1.072465857,1.152222067,1.060454525,1.0155999709999999,0.984396466,0.78936212
Petroleum refining [Energy systems],EGY,MtCO2eq,GHG emissions from petroleum refining (part of Energy systems),1.6151920649999998,1.652309384,1.6467741519999999,1.63456979,1.6484774599999998,1.69752559,1.714185756,1.413390941,1.415061712,1.24711222,1.6384836249999999,1.084534819,1.106651715,0.8268574865,0.8873339504,0.8960500951999999,0.8901015663999999,0.9225356346,0.8722751176999999,0.8426868586999999,0.9361036437999999,0.8499702349,0.8993191803,0.7812749006,0.8428570079,0.7453497384,0.9751028189,0.8954116161,0.8951551413,0.9012071891,0.808489
Petroleum refining [Energy systems],ERI,MtCO2eq,GHG emissions from petroleum refining (part of Energy systems),0.04547058273,0.02590608865,0.0194295665,0.0166621505,0.0194295665,0.0166621505,0.0194295665,0.011069664,0.0,0.0,0.0,0.0,0.0,0.0,0.0,0.0,0.0,0.0,0.0,0.0,0.0,0.0,0.0,0.0,0.0,0.0,0.0,0.0,0.0,0.0,0.0
Petroleum refining [Energy systems],ESP,MtCO2eq,GHG emissions from petroleum refining (part of Energy systems),9.522119843,9.94667955,10.69270742,10.04352074,10.62844874,10.64020447,11.49214161,11.865764429999999,11.895343109999999,12.002290189999998,11.98450329,11.557985239999999,10.679426369999998,11.37313983,11.46425661,11.74634647,12.210679699999998,11.63443882,11.42406945,11.03246421,10.966311489999999,12.30967433,14.98028308,14.55235306,15.02825959,18.41325448,19.242017859999997,18.831214059999997,19.6754493,20.68008892,17.571369899999997
Petroleum refining [Energy systems],ETH,MtCO2eq,GHG emissions from petroleum refining (part of Energy systems),0.13488490749999998,0.110918562,0.008302248,0.011069664,0.011069664,0.011069664,0.011069664,0.005534832,0.0,0.0,0.0,0.0,0.0,0.0,0.0,0.0,0.0,0.0,0.0,0.0,0.0,0.0,0.0,0.0,0.0,0.0,0.0,0.0,0.0,0.0,0.0
Petroleum refining [Energy systems],FIN,MtCO2eq,GHG emissions from petroleum refining (part of Energy systems),1.71334657,1.743342808,1.742689968,1.7215915179999999,1.9137284019999998,1.90695559,1.995415491,1.7710773889999998,1.9277881599999998,1.9605292890000001,1.8881494859999999,1.8504031459999999,1.9511638529999997,1.8486862259999999,1.847946627,1.898745774,2.051385738,2.540475892,2.453963771,2.590762916,2.4420299489999997,2.551575566,2.374519683,2.422072495,2.355697492,2.141577887,1.940951343,1.9251258529999997,1.83089885,1.790043442,1.631668
Petroleum refining [Energy systems],FRA,MtCO2eq,GHG emissions from petroleum refining (part of Energy systems),14.0904087,14.70550769,14.93420411,15.115160779999998,15.43744018,15.66379608,16.12111655,16.5701574,16.65791926,15.887552699999999,16.85507644,16.01408102,14.4402032,14.58926255,14.28714621,11.26950721,11.76941533,12.82625964,14.622521019999999,13.973982269999999,11.92854222,11.376600869999999,9.371712269,7.910739586,7.724995229,7.917957059,7.453237338999999,7.050295703,6.619803615,6.623849549999999,5.808064128999999
Petroleum refining [Energy systems],GAB,MtCO2eq,GHG emissions from petroleum refining (part of Energy systems),0.0391982345,0.0391982345,0.025082371,0.034136769500000004,0.031212367499999998,0.0391982345,0.025082371,0.0194022825,0.0212019145,0.0179400815,0.0212019145,0.022270446,0.0233389775,0.024632463,0.024126316499999998,0.0253635635,0.026094664,0.028119250279999997,0.03149356028,0.03149356028,0.03149356028,0.027556865,0.04330364528,0.047015386279999995,0.04577813928,0.04504703878,0.04521575428,0.04521575428,0.04559819608,0.03612886561999999,0.037155099999999996
Petroleum refining [Energy systems],GBR,MtCO2eq,GHG emissions from petroleum refining (part of Energy systems),17.50620369,18.204016109999998,17.354208559999996,18.36341287,17.748570530000002,18.43011459,18.58348705,18.57503143,18.480977019999997,16.9888649,14.96014874,15.45625914,17.71719104,17.23853222,16.80951855,18.16128739,16.01677832,14.1559242,14.7985885,13.155952039999999,13.279659699999998,13.01783514,13.27085273,11.36959735,9.798389259999999,10.10837402,9.452765270999999,10.29188207,9.748741229,9.552200005999998,7.410755
Petroleum refining [Energy systems],GHA,MtCO2eq,GHG emissions from petroleum refining (part of Energy systems),0.044393964999999994,0.052696213,0.052696213,0.0415688945,0.058231044999999995,0.049928797,0.052696213,0.002767416,0.0415688945,0.0748931955,0.063765877,0.069300709,0.06653329300000001,0.07766061149999999,0.10262500999999999,0.09149769149999999,0.055463629,0.069300709,0.07766061149999999,0.0249643985,0.052696213,0.228468859,0.0901567865,0.13110257949999998,0.039514733999999996,0.011746272,0.08528190349999999,0.0019495085,0.0019495085,0.00196595777,0.001750556
Petroleum refining [Energy systems],GRC,MtCO2eq,GHG emissions from petroleum refining (part of Energy systems),2.06874448,2.110322554,2.024278286,2.041017622,2.284004843,2.336850572,2.600258524,2.6064824229999997,2.68575565,2.4155042599999996,2.9476853169999995,2.972229942,3.066870371,2.88183664,3.002923586,3.261704272,3.854270808,3.990393274,3.257309333,3.0541224089999996,3.1658887609999997,2.502334667,3.3981394799999998,4.24100153,4.281424345,4.082816863,4.483407248,4.446217999,4.655668862,4.796212831,3.842827935
Petroleum refining [Energy systems],GTM,MtCO2eq,GHG emissions from petroleum refining (part of Energy systems),0.07907527569999999,0.07907527569999999,0.07907831593999999,0.047161381,0.049928797,0.052696213,0.055463629,0.058231044999999995,0.0304992305,0.03880147849999999,0.0304992305,0.033266646500000004,0.0249643985,0.044997873,0.080358485,0.080452821,0.073969803,0.08362711299999999,0.073969803,0.080358485,0.073989852,0.106136474,0.10286744599999999,0.11261949199999999,0.131859925,0.122201615,0.131859925,0.14708826,0.1559134756,0.16833112749999998,0.145561
Petroleum refining [Energy systems],HND,MtCO2eq,GHG emissions from petroleum refining (part of Energy systems),0.020139549,0.016942799999999997,0.020139549,0.0031057199999999997,0.0031057199999999997,0.0031057199999999997,0.0031057199999999997,0.0031057199999999997,0.0062114399999999995,0.0,0.0,0.0,0.0,0.0,0.0,0.0,0.0,0.0,0.0,0.0,0.0,0.0,0.0,0.0,0.0,0.0,0.0,0.0,0.0,0.0,0.0
Petroleum refining [Energy systems],HRV,MtCO2eq,GHG emissions from petroleum refining (part of Energy systems),2.2968316619999998,1.505574437,1.206308919,1.440391534,1.479852515,1.685102943,1.465201679,1.4439009219999999,1.984008631,1.541594536,1.555048566,1.401266385,1.5688278759999998,1.6255110339999999,1.712295234,1.637322872,1.518902078,1.6919913729999998,1.308140092,1.579165208,1.3584000989999998,1.575277836,1.4211962329999999,1.2075891189999999,1.3949323089999999,1.2389053019999998,1.099581431,1.171041295,1.1252725989999999,1.113265654,1.0319399999999999
Petroleum refining [Energy systems],HTI,MtCO2eq,GHG emissions from petroleum refining (part of Energy systems),0.0,0.0,0.0,0.0,0.0,0.0,0.0,0.0,0.0,0.0,0.0,0.0,0.0,0.0,0.0,0.0,0.0,0.0,0.0,0.0,0.0,0.0,0.0,0.0,0.0,0.0,0.0,0.0,0.0,0.0,0.0
Petroleum refining [Energy systems],HUN,MtCO2eq,GHG emissions from petroleum refining (part of Energy systems),2.373859573,2.273827091,2.1570920890000003,2.3530957409999997,2.127937793,2.1424958309999997,2.324009211,2.2838602659999996,2.093139853,2.055310133,1.425377774,1.2973320579999998,1.3657765739999999,1.17416959,1.153059574,1.160591512,1.6309390830000001,1.1921817879999999,1.298924443,1.3490175549999999,0.9698385795,1.035525113,0.9739266794,1.0883098729999998,1.224897367,0.9881664277,1.3038189539999998,1.3886504259999999,1.475840708,1.4962894469999999,1.4316243999999998
Petroleum refining [Energy systems],IDN,MtCO2eq,GHG emissions from petroleum refining (part of Energy systems),7.916844355,7.767303897,7.855605862999999,7.803933762,8.338277161999999,12.9148254,10.13963813,10.16932672,9.498170043,8.685373506,9.810280303999999,8.917131764,8.731868302999999,8.34843007,8.323827928999998,7.708680316,7.5055665739999995,8.034325582,8.574616961999999,8.920001458,8.431922153,8.751462244999999,8.638760936,8.665681244,9.150521729,8.845664459,12.1185514,9.486512005,9.667572941,9.511471492,7.538016
Petroleum refining [Energy systems],IND,MtCO2eq,GHG emissions from petroleum refining (part of Energy systems),7.51532413,7.290701798,7.634546836,7.8647644539999995,8.699483505,8.979568266000001,9.678398861,9.744931754,10.29403081,15.3745333,19.13498801,20.169365789999997,21.21485409,22.851000749999997,23.674679339999997,25.34966267,30.28312623,32.587604649999996,33.034126699999995,25.89878173,27.31311867,28.24760211,30.39683371,30.85166366,31.392374809999996,32.94544283,34.02135996,27.246555769999997,26.6164602,27.4709057,24.7895
Petroleum refining [Energy systems],IRL,MtCO2eq,GHG emissions from petroleum refining (part of Energy systems),0.15589826029999998,0.1566039946,0.1572865639,0.1577309018,0.1579447592,0.1580248171,0.1556999708,0.19637417899999998,0.22736782629999996,0.2315166568,0.27690838689999997,0.29929037109999995,0.3303274859,0.32902756189999993,0.32693401089999996,0.37218059789999997,0.3583515613,0.3284460234,0.3398510586,0.2861791512,0.29310619569999996,0.272247617,0.30713911349999995,0.3011966785,0.29537223349999997,0.3344487795,0.335268007,0.3309323955,0.3378767857,0.3340658241,0.2802978
Petroleum refining [Energy systems],IRN,MtCO2eq,GHG emissions from petroleum refining (part of Energy systems),5.425896459,5.684538613,6.480807655,8.593531187,8.269875837,9.003765207,9.335838482,9.561350809,10.99553843,14.395429189999998,11.791050109999999,12.402841669999999,13.6628811,13.274126939999999,12.751445529999998,16.758836539999997,20.449989539999997,21.64307736,18.83754387,16.64150196,13.914875239999999,14.152091369999999,15.884814169999999,17.323195539999997,16.49567884,17.34121907,17.228756649999998,15.451766659999999,15.439093369999998,16.06444615,16.081236999999998
Petroleum refining [Energy systems],IRQ,MtCO2eq,GHG emissions from petroleum refining (part of Energy systems),2.8747097059999995,2.239380944,2.756509592,3.0123454589999996,3.3284413749999997,3.303084329,3.146518899,3.331915071,3.5904358459999997,3.4636344479999996,3.859889862,3.6055134939999998,4.19239445,3.3716748739999995,3.4170370279999998,3.347978125,3.327538864,2.607916509,3.580226847,3.310916335,3.913088399,4.2486955029999995,4.438580416,4.5215027690000005,3.719650208,3.1393647769999995,3.37820029,4.034608781,3.951697299,3.9920231439999996,3.494465
Petroleum refining [Energy systems],ISR,MtCO2eq,GHG emissions from petroleum refining (part of Energy systems),2.2209607719999997,2.249205278,2.32409344,2.6705304789999995,2.4772134909999997,1.9873910609999998,1.559990834,1.8283751689999999,2.739497394,2.595916762,2.795709492,2.851783223,2.6771261349999995,2.511726827,2.024989242,2.049898246,2.913809909,2.163412112,2.1637849719999998,2.1201301549999996,3.1490981529999997,2.024094179,1.14123739,1.996347117,1.4620020109999998,1.739954756,1.811562445,1.589302347,1.6977949049999999,1.7270419169999998,1.4513699999999998
Petroleum refining [Energy systems],ITA,MtCO2eq,GHG emissions from petroleum refining (part of Energy systems),13.19274381,11.42408415,12.33975871,13.28491167,13.112222939999999,13.82835327,13.54100604,14.32536589,15.786625949999998,15.31397398,14.44165535,15.468491479999999,16.25905294,15.42927313,15.919644759999999,17.35498452,15.362123449999999,16.27795595,15.38880655,14.69696447,16.184072399999998,14.49985368,12.30373632,9.242897568,8.09230886,9.919153543999998,7.828969397,9.420786257,8.976105028000001,8.753371676999999,7.3982079
Petroleum refining [Energy systems],JAM,MtCO2eq,GHG emissions from petroleum refining (part of Energy systems),0.14038057759999997,0.0,0.01285579268,0.009660716872,0.01587033211,0.01267491208,0.012675009539999999,0.012675325940000001,0.012675303819999999,0.01267524788,0.009405268424,0.009405371128,0.01267546659,0.0126754665,0.006209559856,0.006209552883999999,0.006209552883999999,0.006209552883999999,0.0,0.0,0.0,0.0,0.0,0.0,0.0,0.0,0.0,0.0,0.0,0.0,0.0
Petroleum refining [Energy systems],JOR,MtCO2eq,GHG emissions from petroleum refining (part of Energy systems),0.4430690983,0.5278929133,0.41792534309999996,0.4179253943,0.417947739,0.4367933544,0.4839032946,0.49651436219999995,0.5153755264,0.49650135019999997,0.465080286,0.41168424800000003,0.468218669,0.4839755959,0.4368589671,0.4681845172,0.47447107499999996,0.5375055677,0.5501092153,0.5279789571999999,0.4936477612,0.5437487770999999,0.6002535794999999,0.5186143622999999,0.5750629998,0.600210231,0.6127843466,0.5670647765,0.5603431253,0.5659353101,0.5352241350999999
Petroleum refining [Energy systems],JPN,MtCO2eq,GHG emissions from petroleum refining (part of Energy systems),25.547678989999998,25.957237069999998,26.97775807,27.84237979,28.693350149999997,28.646238229999998,29.18472319,30.77527034,30.038595149999995,29.931344799999998,26.69755068,25.532864989999997,25.214304589999998,26.01532105,26.0410158,26.828477799999998,26.49413266,26.21643439,23.80836565,23.17936612,22.78441212,19.45503879,18.894618809999997,18.82176532,18.20043938,18.53521313,15.69912571,14.39250074,13.497942539999999,13.023917579999999,11.56454351
Petroleum refining [Energy systems],KAZ,MtCO2eq,GHG emissions from petroleum refining (part of Energy systems),2.368174028,2.334648305,2.220492395,1.762484743,1.725306142,1.332520368,1.414308814,1.115234946,1.040756801,0.9765307702999999,1.00191002,1.6406812229999999,1.50419346,1.8342509699999998,2.1433578059999996,1.066582642,0.844753534,0.8019740949999999,0.6843245659999999,0.48501381199999993,0.4412082565,0.481162025,0.5863159725,0.567979787,0.4876715775,0.6712054925000001,0.5662556885000001,0.5826762445,0.5836438255999999,0.5480071957,0.5400297900000001
Petroleum refining [Energy systems],KEN,MtCO2eq,GHG emissions from petroleum refining (part of Energy systems),0.2586213335,0.21839752259999998,0.23223535609999998,0.2322353863,0.2728129392,0.23465168179999998,0.2253528329,0.20975175419999997,0.21805798829999998,0.21529076879999998,0.2579325392,0.2152926599,0.20104044129999998,0.18963246749999998,0.2180602759,0.20934228929999998,0.20934228929999998,0.2125250439,0.20104044129999998,0.20380805729999998,0.20380805729999998,0.22088494639999998,0.12762127569999998,0.07936913604,0.08524167821999999,0.08800909422,0.09393929089,0.09955217554,0.09362833908,0.09768903567,0.0805458
Petroleum refining [Energy systems],KOR,MtCO2eq,GHG emissions from petroleum refining (part of Energy systems),4.885121876,6.899328317999999,8.418105716,8.920662407,9.303943402,10.117196279999998,10.705451949999999,12.91775548,13.060246029999998,13.59756521,13.758718779999999,13.242650919999999,12.834726329999999,13.15490183,13.26544697,12.585692159999999,13.54904122,14.03380535,15.1863223,14.50587339,15.22673012,14.12751405,12.75795756,15.5913854,16.638479779999997,18.38443563,19.700945769999997,16.52023023,17.221685989999997,17.02319966,16.14109
Petroleum refining [Energy systems],KWT,MtCO2eq,GHG emissions from petroleum refining (part of Energy systems),0.5823685045,0.06653329300000001,0.0804280275,0.6683307639999999,0.9595440435,0.9650782754999999,0.9262195424999999,0.9234519264999999,0.945648909,1.164741009,0.9511841409999999,0.843023899,0.9234519264999999,1.076007134,1.0815423659999999,1.1120411959999998,1.148075259,1.18139676,1.1619683929999998,1.1120411959999998,1.142540027,1.0898402139999999,1.173038857,1.114803812,1.084304982,1.1120411959999998,1.0288425529999998,0.8428507354999999,0.7768133112,0.7344555256,0.67267
Petroleum refining [Energy systems],LBN,MtCO2eq,GHG emissions from petroleum refining (part of Energy systems),0.01559689366,0.06238757464,0.06238757464,0.0,0.0,0.0,0.0,0.0,0.0,0.0,0.0,0.0,0.0,0.0,0.0,0.0,0.0,0.0,0.0,0.0,0.0,0.0,0.0,0.0,0.0,0.0,0.0,0.0,0.0,0.0,0.0
Petroleum refining [Energy systems],LBY,MtCO2eq,GHG emissions from petroleum refining (part of Energy systems),1.7748297409999998,1.7748297409999998,1.7748297409999998,1.7748904399999998,2.026917475,2.0449699189999997,2.204420265,1.6099247909999999,1.461555545,1.6217521049999999,1.5635110269999999,1.578086029,1.5371821599999997,1.5052537979999998,1.6488248419999998,1.634254961,1.5877373729999997,1.596511872,1.5527618970000001,1.5846323829999998,1.60515209,0.5699250095999999,0.8171274816999999,1.0265096360000001,0.47117367499999996,0.4160168654,0.3868579392,0.4612815145,0.38999895669999995,0.402704905,0.331847
Petroleum refining [Energy systems],LKA,MtCO2eq,GHG emissions from petroleum refining (part of Energy systems),0.1449228181,0.13586711699999998,0.11094766869999999,0.11992553909999999,0.15587122150000002,0.1085441952,0.14951332029999997,0.14073882969999998,0.1554657875,0.1340158768,0.1518674101,0.1304175152,0.1391365272,0.1495186831,0.1837025188,0.1654353077,0.1809351028,0.1626678917,0.15630120199999997,0.044393964999999994,0.03880147849999999,0.044393964999999994,0.0360340625,0.0360340625,0.041626549,0.03880147849999999,0.03880147849999999,0.036495298499999995,0.0365875857,0.03947163399,0.033129
Petroleum refining [Energy systems],LTU,MtCO2eq,GHG emissions from petroleum refining (part of Energy systems),1.5688950149999998,1.786191441,1.015507358,1.365153306,0.9678518509999999,0.7771874723,0.9437660853,1.180855293,1.4443859129999999,1.034805734,1.1197528749999999,1.43258837,1.440885674,1.438464897,1.670782807,1.816818213,1.53868837,1.4350054169999997,1.8774634559999999,1.7781693959999998,1.6393152599999998,1.6027115959999998,1.495432476,1.527515604,1.356182561,1.48325278,1.510955543,1.4939607099999999,1.5017584509999997,1.499500641,1.40373503
Petroleum refining [Energy systems],MAR,MtCO2eq,GHG emissions from petroleum refining (part of Energy systems),0.277318145,0.24958593049999997,0.277318145,0.2912132795,0.3050503595,0.288387609,0.2939798955,0.31058459149999995,0.31894449399999997,0.37994315500000003,0.35774617249999996,0.36328140449999996,0.327247342,0.2357488505,0.45146014049999994,0.592956176,0.4546431035,0.4909756745,0.4781364475,0.8578917034999999,1.315979631,1.3304929189999999,1.207110482,1.2028478079999998,1.2486323089999998,0.6512517419999999,0.0,0.0,0.0,0.0,0.0
Petroleum refining [Energy systems],MDG,MtCO2eq,GHG emissions from petroleum refining (part of Energy systems),0.0,0.0,0.0,0.0,0.0,0.0,0.0,0.0,0.0,0.0,0.0,0.0,0.0,0.0,0.0,0.0,0.0,0.0,0.0,0.0,0.0,0.0,0.0,0.0,0.0,0.0,0.0,0.0,0.0,0.0,0.0
Petroleum refining [Energy systems],MEX,MtCO2eq,GHG emissions from petroleum refining (part of Energy systems),13.20069236,20.79279724,20.83903774,21.08540267,24.35777336,23.42620178,21.672126969999997,22.36973635,22.504210920000002,18.52217343,18.59937969,18.42282349,18.167337739999997,21.47967153,22.436716139999998,22.39862586,22.34489321,22.19278069,22.44573935,22.43574142,21.94677669,22.97048572,22.486210359999998,23.798854579999997,22.2835972,21.76372789,20.513340649999996,17.62133198,16.69251121,15.869576749999998,13.30147857
Petroleum refining [Energy systems],MKD,MtCO2eq,GHG emissions from petroleum refining (part of Energy systems),0.0,0.0,0.0,0.0,0.0,0.0,0.0,0.0,0.0,0.0,0.0,0.0,0.0,0.0,0.0,0.030553555499999996,0.030049911,0.036764995499999994,0.05567996499999999,0.0522935955,0.07143155999999999,0.07143155999999999,0.07143155999999999,0.027951479999999997,0.0,0.0,0.0,0.0,0.0,0.0,0.0
Petroleum refining [Energy systems],MMR,MtCO2eq,GHG emissions from petroleum refining (part of Energy systems),0.150557437,0.15389896720000001,0.21204513269999997,0.1753676129,0.27689955969999996,0.24558307699999998,0.229254083,0.3361503679,0.2345829193,0.317872356,0.2490783923,0.3020694364,0.30684319079999994,0.34406226679999996,0.3213403337,0.31295367849999994,0.3005114344,0.3021985894,0.2918496153,0.2811628102,0.3001639341,0.2670252578,0.2567321957,0.26129924369999996,0.2665190113,0.2145570631,0.09233117614,0.06789479222,0.029427362659999998,0.03054447864,0.030674599999999996
Petroleum refining [Energy systems],MOZ,MtCO2eq,GHG emissions from petroleum refining (part of Energy systems),0.0,0.0,0.0,0.0,0.0,0.0,0.0,0.0,0.0,0.0,0.0,0.0,0.0,0.0,0.0,0.0,0.0,0.0,0.0,0.0,0.0,0.0,0.0,0.0,0.0,0.0,0.0,0.0,0.0,0.0,0.0
Petroleum refining [Energy systems],MRT,MtCO2eq,GHG emissions from petroleum refining (part of Energy systems),0.0,0.0,0.0,0.0,0.0,0.0,0.0,0.0,0.0,0.0,0.0,0.0,0.0,0.0,0.0,0.0,0.0,0.0,0.0,0.0,0.0,0.0,0.0,0.0,0.0,0.0,0.0,0.0,0.0,0.0,0.0
Petroleum refining [Energy systems],MYS,MtCO2eq,GHG emissions from petroleum refining (part of Energy systems),0.36328140449999996,0.396547851,0.3522109405,0.2440516985,0.4576035665,1.184169375,0.831954435,0.5213698435,0.4797434944999999,0.7015972105,0.6211691829999999,0.8374896669999999,0.721027577,0.654493684,0.54079921,0.485335781,2.138121133,2.371101367,2.5235955199999998,0.496405245,0.5324393075,4.137571192999999,2.020915767,2.037256771,1.5608427329999999,1.657837839,1.229565246,1.119656297,0.9542764551,1.004214664,0.865748
Petroleum refining [Energy systems],NGA,MtCO2eq,GHG emissions from petroleum refining (part of Energy systems),1.6173958259999999,1.4752448289999998,2.522084761,2.1536937099999998,1.7715958319999998,1.738082847,2.1281995879999998,2.160048895,1.322779554,1.854349607,1.363435402,2.32637141,2.4420384840000002,1.479923162,1.4656071599999998,2.421467077,1.167201947,0.7994378805,1.299726209,0.7404209721,1.236552004,1.459099743,1.396642322,1.5733150749999998,1.0695145369999999,0.6622879978,1.146312923,1.484628617,1.503536496,1.523031029,1.3834555
Petroleum refining [Energy systems],NIC,MtCO2eq,GHG emissions from petroleum refining (part of Energy systems),0.05724443486,0.06345472974,0.05406575206,0.05724732162999999,0.06035134891999999,0.06345547059,0.0634585019,0.06387371055999999,0.06387820002,0.08159041991999999,0.07882447392,0.08989419643999999,0.07010727656,0.08323756654,0.09477984923999999,0.09201247692,0.044393964999999994,0.0667341385,0.0528970585,0.042611672729999994,0.08425512638,0.07872029438,0.056880106789999996,0.07797635307999999,0.08123639687999999,0.045139692499999995,0.07680701633999999,0.024503162499999998,0.0195678973,0.021124418290000002,0.018297400000000002
Petroleum refining [Energy systems],NLD,MtCO2eq,GHG emissions from petroleum refining (part of Energy systems),8.345648257,8.601633561,8.248890269,8.57697168,8.978027432,8.889761057,8.882034100999999,8.649729078,8.277279622,7.725115711,8.008645471,7.958749756,7.510527086,7.786331411999999,8.190216243,8.63254027,8.207298089,8.981000788,8.607276528,7.264255756,7.431710536999999,8.287581154,7.805584048,7.333168606999999,7.6080149829999995,8.45685409,8.120042631,7.658307477999999,7.6300908,7.567979499,7.091414042
Petroleum refining [Energy systems],NOR,MtCO2eq,GHG emissions from petroleum refining (part of Energy systems),1.9280142239999998,1.5890775009999998,1.9842066109999998,1.952345847,1.926411009,1.689507068,1.963486052,2.049096985,2.1347179169999997,2.0348535229999998,2.0247759149999998,1.959921986,1.769926358,2.007249733,1.867519458,2.093890311,2.133134759,2.063691643,1.780725717,1.968392277,1.1770129040000001,1.136224174,1.1009073289999998,1.341978376,1.30108928,1.363421541,1.194913293,1.372041381,1.4257846499999998,1.363782671,1.3002093999999997
Petroleum refining [Energy systems],NZL,MtCO2eq,GHG emissions from petroleum refining (part of Energy systems),0.7505202335,0.7418300373,0.7478771995,0.8172611987999999,0.8624964834,0.7646843329999999,0.7710214887,0.8222810617999999,0.8279515359999999,0.7937157942999999,0.8483202996,0.8108406779999999,0.8657026885,0.8162251707999999,0.8154476795,0.9059619682999999,0.9651943387999999,0.9508423847999999,1.01536392,1.0160415219999999,0.9735948613,1.054068976,1.037989192,1.04831524,1.093366472,1.1117212369999998,1.068421311,1.133892182,1.152073236,1.19075595,1.013827
Petroleum refining [Energy systems],OMN,MtCO2eq,GHG emissions from petroleum refining (part of Energy systems),0.677883935,0.716383157,0.6272418824999999,0.5142111054999999,0.7756661615,0.7697928255,0.7756661615,0.6897078499999999,0.83528727,0.861962577,0.859195961,0.719488877,0.9184779655,0.9303018805,0.8678939675,0.94839529,0.939337991,0.6671678155,0.957887838,0.665563148,0.551868674,0.6572613,0.5574039059999999,0.49087001299999994,0.37158325249999996,0.31894449399999997,0.25788877849999997,0.344427583,0.3018333184,0.3119423439,0.27188799999999996
Petroleum refining [Energy systems],PAK,MtCO2eq,GHG emissions from petroleum refining (part of Energy systems),0.538993105,0.5528872395,0.5667276431,0.6221988884,0.6277363525,0.6083120261,0.6083043127,0.6348661811,0.6408264264,0.6646090888999999,0.8841038545,0.9435781004,0.9614053397,0.863619657,0.916314475,0.9107819202,0.8683838073,0.8849859948,0.7986118417,0.7819511082,0.4060272216,0.4974538582,0.5626956767,0.5969391089,0.5502612291999999,0.6624830715,0.7262239277999999,0.8611924052,0.920631929,0.8154633529,0.795519
Petroleum refining [Energy systems],PAN,MtCO2eq,GHG emissions from petroleum refining (part of Energy systems),0.09192613516999999,0.07255393629,0.1141225051,0.11412260249999999,0.07532153580999999,0.12569548549999998,0.19505424329999999,0.1395899083,0.139590168,0.1423579705,0.1423579396,0.1423576927,0.1358914565,0.0,0.0,0.0,0.0,0.0,0.0,0.0,0.0,0.0,0.0,0.0,0.0,0.0,0.0,0.0,0.0,0.0,0.0
Petroleum refining [Energy systems],PER,MtCO2eq,GHG emissions from petroleum refining (part of Energy systems),0.6760425176999999,0.6569351872,0.5664839929,0.9646505980999999,0.9163582787,0.9124814161,0.9792791408999999,1.04285072,0.7290498151,0.9933610039999999,1.010028895,1.015570446,0.9406767546,0.7087758517999999,0.9410123150999999,0.9775587323999999,0.9165030169,0.8416672759,1.0080585629999999,1.001591203,0.9983951376999999,0.9983951376999999,0.7569559784,0.7084577502999999,0.7418069361,0.6724554841,0.7069972621,0.7348567705,0.7268459318999999,0.7445614342999999,0.5598979399999999
Petroleum refining [Energy systems],PHL,MtCO2eq,GHG emissions from petroleum refining (part of Energy systems),1.5739770619999998,1.462564778,1.687779669,1.685012053,1.6809308619999999,1.901566911,2.1720080139999998,2.1329597349999996,2.228269332,2.107673673,2.8138802349999996,2.392427281,1.7670726669999999,1.9294050329999999,1.637658475,1.6905450589999997,1.3038113679999999,1.505753527,1.396033111,1.0504666129999998,1.186278206,1.044690781,1.095932101,0.8995058159999999,1.078198827,0.998737641,0.6657509285000001,0.7866484834999999,0.7333277952999999,0.7486700995,0.6125849999999999
Petroleum refining [Energy systems],POL,MtCO2eq,GHG emissions from petroleum refining (part of Energy systems),2.173151731,1.399298118,1.9033782949999998,1.65045204,1.6695886279999999,3.710683151,4.003292662,3.474874407,3.4969422839999997,3.220159403,3.531572593,3.613273144,3.580308973,3.603388028,3.8017445199999997,3.574284612,3.587159607,4.316794514000001,4.315156961,4.2212483899999995,4.828898122,5.0692114340000005,5.122448109,4.325494845,4.047880369,4.4816321409999995,4.542442877999999,4.710375271999999,4.639913637,4.788171871,4.733405086
Petroleum refining [Energy systems],PRK,MtCO2eq,GHG emissions from petroleum refining (part of Energy systems),0.2027199982,0.17773858739999998,0.1434484086,0.1309572032,0.08735665637,0.1060539738,0.09045991237,0.04988484017,0.04988484017,0.031187722799999998,0.037394234799999995,0.056168933629999994,0.05616893353999999,0.056168933569999996,0.05616893359999999,0.04678158423,0.0342909788,0.040575072229999995,0.040575072229999995,0.04678158423,0.04678158423,0.04678158423,0.04678158423,0.052988096230000004,0.04988484023,0.04988484023,0.04988484023,0.04988484023,0.05050549143,0.05205894128,0.05081669999999999
Petroleum refining [Energy systems],PRT,MtCO2eq,GHG emissions from petroleum refining (part of Energy systems),1.4006065689999998,1.140407827,1.3127583289999998,1.5551889169999997,2.1519432599999995,2.311230571,2.264765509,2.422424826,2.080830625,2.476566863,2.193893469,2.371687889,2.2331407910000003,2.6266764929999997,2.3747969589999998,2.671271079,2.327080274,2.401055899,2.7690642629999997,2.664379102,2.2404977209999997,1.919358162,2.062562567,2.974340384,2.212356239,2.613929603,2.757649839,2.611803895,2.7248869339999997,2.81530159,2.34174456
Petroleum refining [Energy systems],PRY,MtCO2eq,GHG emissions from petroleum refining (part of Energy systems),0.025466904,0.022283541,0.025466904,0.019100178,0.0,0.0,0.0,0.0,0.0,0.0,0.0,0.0,0.0,0.0,0.0,0.0,0.0,0.0,0.0,0.0,0.0,0.0,0.0,0.0,0.0,0.0,0.0,0.0,0.0,0.0,0.0
Petroleum refining [Energy systems],QAT,MtCO2eq,GHG emissions from petroleum refining (part of Energy systems),0.383155693,0.31703296509999995,0.30432411219999994,0.39485477199999997,0.42585184499999995,0.3978499745,0.447831678,0.34292313799999996,0.3440928385,0.265508277,0.2457201365,0.2216214175,0.225440395,0.4164574025,0.4375788739,0.3929191505,0.4720056486,0.5430633993,0.4704487581,0.3444669183,0.4567571164,0.4370607289,0.45432692519999995,0.4275576856,0.42991038589999997,0.41881489669999994,0.43569905,0.467753516,0.4701345763,0.5143084688999999,0.39929279999999995
Petroleum refining [Energy systems],ROU,MtCO2eq,GHG emissions from petroleum refining (part of Energy systems),4.66609562,3.362391309,2.24617664,2.399731211,3.5415185499999997,3.8676744419999998,3.790657421,3.237077856,4.381606389999999,3.655854589,4.291643186,3.985212504,4.006576032,3.717745724,3.7563672149999996,4.295957841,4.407874077,3.989990603,4.0961717989999995,3.310784591,3.516816276,2.914300433,2.67179545,2.486366474,2.152827239,2.039811216,2.1686341749999998,2.184395532,2.12108795,2.151176603,2.1429527999999998
Petroleum refining [Energy systems],RUS,MtCO2eq,GHG emissions from petroleum refining (part of Energy systems),14.851639089999999,15.77921589,14.032664859999999,2.502895954,0.6592792075,5.2711827719999995,4.623310355,5.254056569,14.103449539999998,15.762494519999999,18.74918892,16.27654847,19.31133187,20.89988276,20.711858760000002,21.21971988,21.80952005,20.38090693,20.510049499999997,20.789052899999998,20.14176746,20.397698690000002,21.12425394,21.01195801,23.44667165,26.59448441,20.97034728,21.51049244,21.631774829999998,22.05048387,20.928175
Petroleum refining [Energy systems],SAU,MtCO2eq,GHG emissions from petroleum refining (part of Energy systems),9.851160756999999,9.985995819,10.0331504,10.0331504,10.0331504,10.41712558,11.36158089,10.81175154,11.296674949999998,10.870031319999999,10.57275219,10.34111689,12.4080578,12.90565746,13.71623231,12.94854786,13.61179759,12.08990034,13.535365859999999,8.603659976,10.62026594,10.21405489,11.16904498,10.65629075,13.94687643,15.835683679999999,17.07756958,17.3960653,18.70645827,18.88143353,18.41431749
Petroleum refining [Energy systems],SDN,MtCO2eq,GHG emissions from petroleum refining (part of Energy systems),0.011069664,0.0138947345,0.011069664,0.005534832,0.008302248,0.011069664,0.011069664,0.0138947345,0.008302248,0.005534832,0.0277318145,0.0360340625,0.03880147849999999,0.041626549,0.047161381,0.047161381,0.063765877,0.0693583635,0.063765877,0.0721257795,0.0693583635,0.060998461,0.055463629,0.055463629,0.058231044999999995,0.058231044999999995,0.06653329300000001,0.055694247,0.055740390599999995,0.058158230369999994,0.0479749
Petroleum refining [Energy systems],SEN,MtCO2eq,GHG emissions from petroleum refining (part of Energy systems),0.0194295665,0.011069664,0.0166621505,0.0166621505,0.005534832,0.0166621505,0.0166621505,0.022196982499999997,0.0249643985,0.0249643985,0.0277318145,0.0304992305,0.0304992305,0.03880147849999999,0.041626549,0.033266646500000004,0.0138947345,0.0304992305,0.0304992305,0.0277318145,0.0249643985,0.033266646500000004,0.0360340625,0.041626549,0.0360340625,0.058231044999999995,0.063765877,0.0683205825,0.07477788649999999,0.07540848199,0.0672111
Petroleum refining [Energy systems],SGP,MtCO2eq,GHG emissions from petroleum refining (part of Energy systems),8.742447492,9.830592955,10.07700239,10.61088217,11.043409789999998,9.898913484,10.745600699999999,10.74836331,10.073514439999999,9.224788689999999,8.684483281999999,8.470288801,8.440126456,6.954340091,8.24792134,6.8882996069999995,6.729138396,6.805813844999999,6.817554576999999,4.56928675,4.603563598,5.568640626,5.4909221960000005,5.0992461339999995,4.784534428999999,5.023716336,5.195271106,5.700608274,5.741105438,5.5814369479999995,5.3644099999999995
Petroleum refining [Energy systems],SLE,MtCO2eq,GHG emissions from petroleum refining (part of Energy systems),0.0,0.0,0.0,0.0,0.0,0.0,0.0,0.0,0.0,0.0,0.0,0.0,0.0,0.0,0.0,0.0,0.0,0.0,0.0,0.0,0.0,0.0,0.0,0.0,0.0,0.0,0.0,0.0,0.0,0.0,0.0
Petroleum refining [Energy systems],SLV,MtCO2eq,GHG emissions from petroleum refining (part of Energy systems),0.0194295665,0.04752947995,0.0277318145,0.033266646500000004,0.044393964999999994,0.047161381,0.049928797,0.044393964999999994,0.044393964999999994,0.047161381,0.047161381,0.047161381,0.0415688945,0.03880147849999999,0.03880147849999999,0.03880147849999999,0.0415688945,0.0415688945,0.0360340625,0.0415688945,0.0360340625,0.0360340625,0.033266646500000004,0.0,0.0,0.0,0.0,0.0,0.0,0.0,0.0
Petroleum refining [Energy systems],SOM,MtCO2eq,GHG emissions from petroleum refining (part of Energy systems),0.0,0.0,0.0,0.0,0.0,0.0,0.0,0.0,0.0,0.0,0.0,0.0,0.0,0.0,0.0,0.0,0.0,0.0,0.0,0.0,0.0,0.0,0.0,0.0,0.0,0.0,0.0,0.0,0.0,0.0,0.0
Petroleum refining [Energy systems],SVK,MtCO2eq,GHG emissions from petroleum refining (part of Energy systems),0.5708626974,0.6341935466999999,0.5818266531999999,0.363445816,0.256356266,0.274146069,0.35412388170000003,0.35466966429999996,0.3411627147,0.30417576890000003,0.2862042183,1.339117071,1.394599387,1.5419830149999998,1.7024997469999998,1.864751629,1.783190873,1.832702476,1.570269236,1.6361421129999998,1.532463159,1.684876938,1.402291358,1.7677656179999999,1.383294198,1.736260219,1.703095593,1.678375012,1.73525109,1.6592348019999998,1.584589
Petroleum refining [Energy systems],SVN,MtCO2eq,GHG emissions from petroleum refining (part of Energy systems),0.04344871401,0.040349318120000005,0.046551761159999996,0.02482796438,0.02984242101,0.05319555189,0.04604618522,0.05185972323,0.05332329134,0.07548221280999999,0.05639346081,0.0,0.0,0.0,0.0,0.0,0.0,0.0,0.0,0.0,0.0,0.0,0.0,0.0,0.0,0.0,0.0,0.0,0.0,0.0,0.0
Petroleum refining [Energy systems],SWE,MtCO2eq,GHG emissions from petroleum refining (part of Energy systems),1.3380103060000001,1.257292628,1.760201432,1.713766645,1.632942271,1.626762678,1.623610287,1.387771132,1.527516776,1.660985814,1.6547339559999998,1.409511482,1.108321546,1.461797263,1.851463384,1.7523308519999998,1.8534269939999999,1.6875349229999999,1.9824561289999998,2.1384524739999997,1.9017012199999999,1.779369942,2.097237165,1.732448375,2.4924061209999997,2.4794429759999996,2.4199737839999997,2.394686963,2.458760603,2.626458385,2.4221686
Petroleum refining [Energy systems],SYR,MtCO2eq,GHG emissions from petroleum refining (part of Energy systems),1.247858152,1.247809222,1.279009702,1.310200182,1.310200182,1.3943973989999998,1.444395363,1.4692999539999998,1.466201905,1.456807556,1.375717279,1.5316917369999998,1.4350010139999998,1.3414183389999998,1.269632207,1.3102174469999999,1.22912717,1.579235515,1.541799715,1.6475837809999998,0.9598620768,0.8003573198999999,0.6704233448,0.6260061846,0.5816460789,0.5314354547999999,0.4928899596,0.47546588939999995,0.4366664166,0.44100056569999996,0.417489
Petroleum refining [Energy systems],THA,MtCO2eq,GHG emissions from petroleum refining (part of Energy systems),0.3161198235,0.330013958,0.40767536949999994,0.4742082625,0.601797871,0.662796532,0.881883632,1.0205447049999998,0.9567764274999999,1.003878954,0.9706135074999999,0.9761487395,1.103733348,1.1924672239999998,1.3061646980000001,1.278428483,1.295094233,1.283963715,1.286736331,1.29785685,1.331128296,1.295094233,1.364389743,1.491980351,1.419862172,1.5612858600000001,1.525251798,1.5786422649999998,1.621482769,1.6288106470000001,1.4806599999999999
Petroleum refining [Energy systems],TJK,MtCO2eq,GHG emissions from petroleum refining (part of Energy systems),0.0,0.0,0.0,0.0,0.0,0.0,0.0,0.0,0.0,0.0,0.0,0.0,0.0,0.0,0.0,0.0,0.0,0.0,0.0,0.0,0.0,0.0,0.0,0.0,0.02174004,0.0,0.0,0.0,0.0,0.0,0.0
Petroleum refining [Energy systems],TKM,MtCO2eq,GHG emissions from petroleum refining (part of Energy systems),0.1198633055,0.1684091945,0.1426948875,0.1198633055,0.102740119,0.105622844,0.12274603049999999,0.16270079899999998,0.20836296299999998,0.21977875399999997,0.21977875399999997,0.2369019405,0.273973984,0.3053956865,0.3053956865,0.2939798955,0.2597335225,0.2825651045,0.30251296149999995,0.285389775,0.2939798955,0.31963614799999995,0.333934664,0.35959091649999997,0.3624736415,0.3710067075,0.34246772999999997,0.3208472925,0.31822981819999996,0.32558592599999997,0.308832
Petroleum refining [Energy systems],TTO,MtCO2eq,GHG emissions from petroleum refining (part of Energy systems),1.0634608449999998,1.246889881,1.484185288,1.326837209,1.3676519639999998,1.222506822,1.338500589,1.409865687,1.382763014,1.399448056,1.113093726,0.9924080041,0.8165678595999999,0.8545598464999999,0.8452879632999999,0.9035647473,1.019338015,1.1910100719999999,1.353530309,0.8614729791,1.121522118,1.340462047,1.74188007,1.647690521,1.3400794099999997,1.785214431,1.7690300589999999,1.459177847,1.40070237,1.3934457239999998,1.2238255
Petroleum refining [Energy systems],TUN,MtCO2eq,GHG emissions from petroleum refining (part of Energy systems),0.1892421637,0.1639431307,0.158407473,0.1823063177,0.1885102022,0.2024211614,0.19965308259999998,0.19965247839999997,0.1968834378,0.1968828249,0.1996497859,0.19411390729999997,0.19411403719999998,0.19411386129999997,0.18857838229999999,0.1996484825,0.19411365049999998,0.1996484825,0.1335282675,0.12468561259999998,0.02143930127,0.04453251398,0.1176932726,0.108150791,0.111331285,0.09542681571999999,0.08187628455,0.05958810452,0.049511853849999996,0.05112306067,0.04211612
Petroleum refining [Energy systems],TUR,MtCO2eq,GHG emissions from petroleum refining (part of Energy systems),3.54973835,3.3982733489999997,3.633264873,4.21827838,4.01706439,4.42260819,4.483176853,4.830388579,4.983109645999999,4.643618568,4.637765458,5.080415522,5.256383877999999,5.18100836,5.155089148,4.691286281999999,4.676770961,5.462494981,4.555142513,6.462142918,5.275240118999999,5.22238575,5.184272679999999,5.244883517,4.879808292999999,7.617316860999999,10.306938689999999,11.070515359999998,12.1659539,11.85413584,11.34032
Petroleum refining [Energy systems],TZA,MtCO2eq,GHG emissions from petroleum refining (part of Energy systems),0.041626549,0.041626549,0.03880147849999999,0.03880147849999999,0.03880147849999999,0.03880147849999999,0.03880147849999999,0.03880147849999999,0.03880147849999999,0.03880147849999999,0.0,0.0,0.0,0.0,0.0,0.0,0.0,0.0,0.0,0.0,0.0,0.0,0.0,0.0,0.0,0.0,0.0,0.0,0.0,0.0,0.0
Petroleum refining [Energy systems],UKR,MtCO2eq,GHG emissions from petroleum refining (part of Energy systems),6.815516973,5.371913462,3.281381906,2.35251231,2.232648999,2.368312325,1.104768101,1.053009933,1.072459659,0.8003741602,0.6660269255,0.977630283,1.140026416,1.2240295879999998,1.245663182,1.2932713859999998,1.256317973,0.7352444583000001,0.4555041433,0.8304870343,0.5452389404,0.5423519179999999,0.6831541543999999,0.829959347,1.3399887129999999,0.5581637602,0.1819477651,0.102740119,0.102740119,0.103765215,0.09857719999999999
Petroleum refining [Energy systems],URY,MtCO2eq,GHG emissions from petroleum refining (part of Energy systems),0.19577700739999998,0.23353492439999998,0.2933363012,0.08523275468,0.03740619819,0.22388286229999999,0.23955922279999997,0.1947936674,0.285059305,0.26160690789999996,0.27221766669999997,0.2856738061,0.2243523217,0.2707493949,0.356386359,0.3553656046,0.3286531082,0.2546811963,0.3098677725,0.6235984313999999,0.3283319182,0.23620726999999997,0.3130701865,0.3860387131,0.40284753749999996,0.40537534019999993,0.4747190513,0.14156857629999997,0.10168299539999999,0.1019303594,0.08767858599999999
Petroleum refining [Energy systems],USA,MtCO2eq,GHG emissions from petroleum refining (part of Energy systems),185.7338524,183.31958269999998,187.47961909999998,187.64663259999998,188.3111274,187.2120546,192.3267778,194.32385,198.0958875,192.1475405,194.6381157,189.1971347,180.020234,182.9289504,178.9652258,175.75940219999998,184.1030319,179.6779764,175.69218969999997,169.1323094,171.5469216,127.18621549999999,129.0970684,132.1915372,132.88186109999998,129.8554565,135.57055519999997,134.8573454,136.27552659999998,137.8921968,125.93006309999998
Petroleum refining [Energy systems],UZB,MtCO2eq,GHG emissions from petroleum refining (part of Energy systems),0.9710437084999999,0.9185088874999999,0.7519302965,0.373279759,0.333934664,0.585078066,0.5650721544999999,0.6307402299999999,0.6250328345,0.6764023939999999,0.6735196689999999,0.6449806914999999,0.6335649004999999,0.6906428554999999,0.707767042,0.4880453425,0.4880453425,0.4423831785,0.433792058,0.4081358055,0.345350455,0.3253445435,0.2910971705,0.276856709,0.2597335225,0.242610336,0.22548714949999998,0.21620437499999998,0.2012262159,0.20945224969999998,0.181244
Petroleum refining [Energy systems],VEN,MtCO2eq,GHG emissions from petroleum refining (part of Energy systems),8.442244547,7.637427762,10.57704857,8.597987952999999,8.711941189,8.4420419,6.828658097,10.234350699999998,11.02398435,7.158809917999999,9.59024148,11.90808041,10.50666927,7.827498144999999,9.443413339,11.015583079999999,12.906247599999999,13.931652419999999,21.382024149999996,22.56459885,13.01688809,10.489112039999998,11.91550393,10.317978369999999,7.365190480999999,5.798749475999999,5.151838635,3.9996178209999997,2.4729667429999997,1.784279905,1.453406
Petroleum refining [Energy systems],YEM,MtCO2eq,GHG emissions from petroleum refining (part of Energy systems),0.3431738056,0.34316585899999996,0.3587641803,0.3431644811,0.3587714368,0.3587635318,0.40245090139999995,0.405556867,0.4055543677,0.4055723222,0.3556716178,0.41806945039999993,0.19658397760000001,0.2059051962,0.19341126990000002,0.20901518679999997,0.1934151067,0.20901518679999997,0.19659689430000002,0.20901518679999997,0.19659689430000002,0.13101278660000001,0.07179325396,0.16850030729999999,0.1529002273,0.04990601324,0.04369686699999999,0.051458299799999996,0.04739126908,0.047862703119999996,0.045268199999999995
Petroleum refining [Energy systems],ZAF,MtCO2eq,GHG emissions from petroleum refining (part of Energy systems),2.3407388399999998,2.3407388399999998,2.3407388399999998,1.867860816,1.9717238449999999,2.32117417,2.223443592,3.0285693399999998,2.323107294,2.45729088,2.5413281779999997,3.111501256,3.4304427499999997,3.00610163,2.726016869,3.494213027,2.817573415,2.665019208,2.939568737,3.4914404109999997,3.222426114,2.9423413529999998,2.662256592,2.332244634,2.396004911,2.409898046,2.423741126,2.133676936,2.027967005,2.002574343,1.73165
Petroleum refining [Energy systems],ZMB,MtCO2eq,GHG emissions from petroleum refining (part of Energy systems),0.06779004949999999,0.0709734125,0.0709734125,0.0709734125,0.0709734125,0.0709734125,0.0550565975,0.0741567755,0.082100731,0.0420514115,0.021789951,0.0329172695,0.038452101499999995,0.0412195175,0.04675434949999999,0.0412195175,0.0412195175,0.0249643985,0.0277318145,0.033266646500000004,0.0360340625,0.033266646500000004,0.0360340625,0.0360340625,0.03880147849999999,0.0360340625,0.0277318145,0.02882725,0.0273858875,0.028573743999999998,0.023570599999999997
