category,country,gas,scenario,source,unit,variable,1990,1991,1992,1993,1994,1995,1996,1997,1998,1999,2000,2001,2002,2003,2004,2005,2006,2007,2008,2009,2010,2011,2012,2013,2014,2015,2016,2017,2018,2019
M.0.EL,AFG,CO2,HISTCR,PRIMAP-hist_v2.3.1,MtCO2,Total CO2 emissions (excl. LULUCF),2.81,2.64,1.59,1.52,1.44,1.37,1.29,1.21,1.1500000000000001,0.935,0.921,0.964,1.24,1.3800000000000001,1.08,1.5,1.84,2.47,4.42,6.97,8.65,12.4,10.5,8.83,8.14,8.23,7.1000000000000005,6.86,7.0600000000000005,9.78
M.0.EL,AGO,CO2,HISTCR,PRIMAP-hist_v2.3.1,MtCO2,Total CO2 emissions (excl. LULUCF),10.8,11.200000000000001,11.6,12.0,9.620000000000001,18.6,19.6,16.6,17.2,18.1,16.7,16.6,16.7,18.400000000000002,16.6,15.8,17.5,18.0,19.2,21.1,23.5,24.7,26.5,26.3,38.0,29.1,30.3,29.6,27.6,27.0
M.0.EL,ALB,CO2,HISTCR,PRIMAP-hist_v2.3.1,MtCO2,Total CO2 emissions (excl. LULUCF),4.2700000000000005,6.05,4.03,3.92,4.2,4.08,3.99,4.15,4.89,5.23,3.5500000000000003,4.2700000000000005,4.38,4.7,5.04,4.54,5.03,5.48,5.61,6.01,5.9,6.66,6.390000000000001,6.59,7.3,6.22,6.21,7.16,6.67,7.09
M.0.EL,AND,CO2,HISTCR,PRIMAP-hist_v2.3.1,MtCO2,Total CO2 emissions (excl. LULUCF),0.40900000000000003,0.417,0.426,0.436,0.439,0.466,0.496,0.508,0.534,0.557,0.5680000000000001,0.5680000000000001,0.5740000000000001,0.577,0.601,0.616,0.584,0.579,0.579,0.554,0.556,0.525,0.523,0.512,0.497,0.497,0.504,0.506,0.494,0.47000000000000003
M.0.EL,ARE,CO2,HISTCR,PRIMAP-hist_v2.3.1,MtCO2,Total CO2 emissions (excl. LULUCF),47.0,52.7,53.300000000000004,61.0,67.4,66.4,69.7,68.60000000000001,75.9,74.3,106.0,102.0,91.0,118.0,130.0,140.0,141.0,147.0,164.0,168.0,154.0,162.0,199.0,197.0,191.0,211.0,203.0,171.0,170.0,170.0
M.0.EL,ARG,CO2,HISTCR,PRIMAP-hist_v2.3.1,MtCO2,Total CO2 emissions (excl. LULUCF),102.0,106.0,110.0,109.0,115.0,117.0,132.0,133.0,141.0,143.0,139.0,135.0,128.0,138.0,151.0,156.0,165.0,180.0,186.0,171.0,187.0,197.0,198.0,202.0,199.0,204.0,202.0,202.0,201.0,188.0
M.0.EL,ARM,CO2,HISTCR,PRIMAP-hist_v2.3.1,MtCO2,Total CO2 emissions (excl. LULUCF),21.8,20.3,26.6,10.5,10.200000000000001,11.3,7.67,7.96,6.67,4.7,3.34,3.4,3.0,3.36,3.62,4.29,4.34,5.13,5.75,4.68,4.66,5.45,6.3100000000000005,5.96,5.99,5.47,5.59,5.98,7.4,7.0
M.0.EL,ATG,CO2,HISTCR,PRIMAP-hist_v2.3.1,MtCO2,Total CO2 emissions (excl. LULUCF),0.222,0.215,0.212,0.219,0.219,0.226,0.241,0.259,0.274,0.28500000000000003,0.296,0.3,0.333,0.355,0.369,0.377,0.388,0.41000000000000003,0.421,0.447,0.458,0.447,0.461,0.465,0.465,0.483,0.494,0.503,0.518,0.537
M.0.EL,AUS,CO2,HISTCR,PRIMAP-hist_v2.3.1,MtCO2,Total CO2 emissions (excl. LULUCF),278.0,280.0,285.0,289.0,294.0,305.0,312.0,320.0,334.0,344.0,350.0,357.0,362.0,369.0,383.0,386.0,393.0,400.0,404.0,407.0,405.0,404.0,406.0,398.0,394.0,402.0,411.0,415.0,416.0,417.0
M.0.EL,AUT,CO2,HISTCR,PRIMAP-hist_v2.3.1,MtCO2,Total CO2 emissions (excl. LULUCF),62.6,66.1,60.6,61.0,61.300000000000004,64.3,67.8,67.8,67.5,66.0,66.4,70.5,72.3,77.8,78.0,79.4,77.10000000000001,74.4,73.7,67.6,72.3,70.10000000000001,67.5,67.9,64.4,66.6,67.5,69.8,66.8,68.2
M.0.EL,AZE,CO2,HISTCR,PRIMAP-hist_v2.3.1,MtCO2,Total CO2 emissions (excl. LULUCF),56.300000000000004,52.300000000000004,44.9,39.4,34.6,36.9,30.2,29.3,28.900000000000002,28.5,29.8,28.900000000000002,28.8,31.8,34.1,36.9,35.9,30.900000000000002,34.9,28.900000000000002,28.0,29.7,31.400000000000002,35.0,35.800000000000004,36.300000000000004,36.300000000000004,35.2,37.0,39.1
M.0.EL,BDI,CO2,HISTCR,PRIMAP-hist_v2.3.1,MtCO2,Total CO2 emissions (excl. LULUCF),0.136,0.154,0.14200000000000002,0.152,0.154,0.155,0.159,0.164,0.164,0.17400000000000002,0.196,0.163,0.177,0.147,0.192,0.166,0.17300000000000001,0.17500000000000002,0.166,0.137,0.2,0.22,0.219,0.216,0.198,0.195,0.219,0.27,0.28600000000000003,0.28700000000000003
M.0.EL,BEL,CO2,HISTCR,PRIMAP-hist_v2.3.1,MtCO2,Total CO2 emissions (excl. LULUCF),120.0,123.0,123.0,121.0,125.0,126.0,129.0,124.0,130.0,125.0,127.0,126.0,127.0,128.0,129.0,126.0,124.0,120.0,120.0,108.0,115.0,105.0,102.0,103.0,96.9,101.0,99.9,99.4,100.0,99.7
M.0.EL,BEN,CO2,HISTCR,PRIMAP-hist_v2.3.1,MtCO2,Total CO2 emissions (excl. LULUCF),0.661,0.765,0.8210000000000001,0.993,1.1300000000000001,1.16,1.19,1.24,1.16,1.51,1.52,1.74,2.16,2.45,2.65,2.5500000000000003,3.41,3.99,3.98,4.28,4.74,4.62,4.4,4.6000000000000005,4.95,5.65,6.3100000000000005,6.98,7.03,7.140000000000001
M.0.EL,BFA,CO2,HISTCR,PRIMAP-hist_v2.3.1,MtCO2,Total CO2 emissions (excl. LULUCF),0.628,0.674,0.678,0.676,0.6970000000000001,0.677,0.759,0.865,0.918,0.977,1.09,1.05,1.06,1.1400000000000001,1.17,1.19,1.43,1.6600000000000001,1.81,1.9000000000000001,2.11,2.21,2.7,2.95,2.99,3.38,3.46,4.0200000000000005,3.73,3.8000000000000003
M.0.EL,BGD,CO2,HISTCR,PRIMAP-hist_v2.3.1,MtCO2,Total CO2 emissions (excl. LULUCF),13.8,14.4,15.200000000000001,15.9,17.3,21.5,22.7,24.6,25.3,27.8,29.5,34.4,35.5,37.4,40.1,42.2,46.1,47.300000000000004,49.9,53.1,57.5,60.0,64.3,65.1,69.7,76.7,79.7,83.5,89.60000000000001,100.0
M.0.EL,BGR,CO2,HISTCR,PRIMAP-hist_v2.3.1,MtCO2,Total CO2 emissions (excl. LULUCF),76.7,61.5,57.4,58.4,56.4,58.0,58.5,55.9,53.2,46.4,45.5,49.0,46.2,50.5,49.6,50.7,51.9,55.7,54.1,45.800000000000004,47.9,53.2,48.300000000000004,42.7,45.2,48.300000000000004,45.5,47.6,43.6,42.2
M.0.EL,BHR,CO2,HISTCR,PRIMAP-hist_v2.3.1,MtCO2,Total CO2 emissions (excl. LULUCF),13.700000000000001,13.1,12.200000000000001,16.3,16.4,16.5,17.2,19.1,20.1,19.900000000000002,20.7,16.1,17.900000000000002,18.7,20.0,22.5,22.400000000000002,29.6,32.7,31.0,31.900000000000002,31.6,30.3,34.300000000000004,34.2,35.7,34.7,36.1,29.1,29.900000000000002
M.0.EL,BHS,CO2,HISTCR,PRIMAP-hist_v2.3.1,MtCO2,Total CO2 emissions (excl. LULUCF),1.86,1.86,1.86,1.77,1.76,1.75,1.74,1.54,1.93,1.97,1.96,1.8800000000000001,1.94,1.98,1.99,1.84,1.79,1.81,2.38,1.62,2.4,1.82,1.92,2.9,2.38,2.05,1.81,1.99,2.05,2.12
M.0.EL,BIH,CO2,HISTCR,PRIMAP-hist_v2.3.1,MtCO2,Total CO2 emissions (excl. LULUCF),26.6,23.8,7.2700000000000005,2.75,3.0500000000000003,2.6,4.5600000000000005,7.09,11.200000000000001,11.8,13.4,13.9,14.8,14.700000000000001,15.9,16.5,17.5,17.5,19.8,19.7,20.5,22.3,20.6,20.2,18.2,17.400000000000002,19.900000000000002,20.2,20.1,21.7
M.0.EL,BLR,CO2,HISTCR,PRIMAP-hist_v2.3.1,MtCO2,Total CO2 emissions (excl. LULUCF),104.0,97.10000000000001,89.2,76.8,62.800000000000004,57.7,58.6,59.2,57.6,55.1,54.9,54.9,54.7,56.300000000000004,60.0,61.300000000000004,64.1,63.5,65.6,61.2,63.0,61.800000000000004,62.9,63.4,62.7,58.2,60.0,60.300000000000004,61.1,61.2
M.0.EL,BLZ,CO2,HISTCR,PRIMAP-hist_v2.3.1,MtCO2,Total CO2 emissions (excl. LULUCF),0.315,0.41200000000000003,0.36,0.382,0.378,0.382,0.312,0.394,0.373,0.352,0.399,0.451,0.436,0.44,0.4,0.43,0.452,0.484,0.443,0.523,0.539,0.5640000000000001,0.454,0.48,0.46900000000000003,0.645,0.612,0.619,0.622,0.6960000000000001
M.0.EL,BOL,CO2,HISTCR,PRIMAP-hist_v2.3.1,MtCO2,Total CO2 emissions (excl. LULUCF),5.45,5.78,6.45,7.03,8.22,8.82,8.950000000000001,9.19,9.02,7.98,7.88,7.09,9.11,9.790000000000001,9.82,10.9,13.6,11.200000000000001,11.9,12.4,13.5,14.700000000000001,16.6,16.9,18.1,17.900000000000002,19.1,20.1,19.8,19.8
M.0.EL,BRA,CO2,HISTCR,PRIMAP-hist_v2.3.1,MtCO2,Total CO2 emissions (excl. LULUCF),225.0,238.0,239.0,250.0,261.0,279.0,300.0,319.0,329.0,340.0,358.0,362.0,361.0,362.0,376.0,383.0,386.0,406.0,426.0,404.0,452.0,471.0,504.0,539.0,565.0,537.0,499.0,505.0,491.0,495.0
M.0.EL,BRB,CO2,HISTCR,PRIMAP-hist_v2.3.1,MtCO2,Total CO2 emissions (excl. LULUCF),1.57,1.97,1.8800000000000001,2.61,1.92,2.11,2.12,2.22,2.72,2.88,2.85,2.93,2.96,3.0700000000000003,3.13,3.25,3.31,3.38,4.0,3.99,3.65,3.79,3.66,3.6,3.15,3.16,3.22,2.93,3.02,3.12
M.0.EL,BRN,CO2,HISTCR,PRIMAP-hist_v2.3.1,MtCO2,Total CO2 emissions (excl. LULUCF),6.18,4.39,4.34,4.54,4.16,3.97,4.18,4.4,4.72,3.5100000000000002,4.22,4.25,3.88,4.08,4.48,4.57,4.58,8.15,9.26,7.82,8.08,9.63,9.56,7.68,8.89,6.99,7.73,9.38,9.450000000000001,13.200000000000001
M.0.EL,BTN,CO2,HISTCR,PRIMAP-hist_v2.3.1,MtCO2,Total CO2 emissions (excl. LULUCF),0.127,0.169,0.188,0.164,0.233,0.36,0.397,0.484,0.495,0.5,0.503,0.484,0.51,0.46,0.393,0.455,0.449,0.449,0.512,0.72,0.845,1.12,1.17,1.27,1.37,1.49,1.7,1.84,1.87,1.95
M.0.EL,BWA,CO2,HISTCR,PRIMAP-hist_v2.3.1,MtCO2,Total CO2 emissions (excl. LULUCF),2.71,2.65,2.8000000000000003,3.22,3.06,3.12,2.86,2.94,3.5300000000000002,3.37,4.0600000000000005,4.21,4.43,4.34,4.49,4.79,4.91,5.08,5.47,4.65,5.5200000000000005,4.97,6.32,7.11,8.68,6.93,8.08,9.0,9.26,8.72
M.0.EL,CAF,CO2,HISTCR,PRIMAP-hist_v2.3.1,MtCO2,Total CO2 emissions (excl. LULUCF),0.194,0.201,0.212,0.219,0.229,0.226,0.223,0.229,0.229,0.23800000000000002,0.23700000000000002,0.216,0.212,0.2,0.214,0.228,0.23600000000000002,0.253,0.257,0.255,0.274,0.28200000000000003,0.295,0.289,0.292,0.295,0.299,0.279,0.289,0.265
M.0.EL,CAN,CO2,HISTCR,PRIMAP-hist_v2.3.1,MtCO2,Total CO2 emissions (excl. LULUCF),459.0,451.0,464.0,465.0,479.0,491.0,508.0,522.0,530.0,545.0,568.0,560.0,566.0,583.0,582.0,577.0,573.0,596.0,581.0,548.0,561.0,571.0,571.0,575.0,572.0,574.0,560.0,570.0,580.0,583.0
M.0.EL,CHE,CO2,HISTCR,PRIMAP-hist_v2.3.1,MtCO2,Total CO2 emissions (excl. LULUCF),44.2,46.1,46.0,43.6,42.7,43.4,44.1,43.0,44.6,44.4,43.6,45.1,43.5,44.7,45.2,45.800000000000004,45.4,43.4,44.7,43.5,45.1,41.0,42.300000000000004,43.2,39.2,38.7,39.2,38.2,36.9,36.7
M.0.EL,CHL,CO2,HISTCR,PRIMAP-hist_v2.3.1,MtCO2,Total CO2 emissions (excl. LULUCF),32.4,30.7,32.0,34.1,36.7,40.1,46.0,52.9,53.9,56.6,53.6,51.1,52.1,53.1,58.0,58.7,60.5,69.4,70.7,67.5,67.3,76.0,81.4,80.3,76.8,83.10000000000001,86.5,87.0,87.2,88.7
M.0.EL,CHN,CO2,HISTCR,PRIMAP-hist_v2.3.1,MtCO2,Total CO2 emissions (excl. LULUCF),2530.0,2660.0,2770.0,2960.0,3170.0,3410.0,3540.0,3570.0,3400.0,3400.0,3520.0,3600.0,3970.0,4680.0,5370.0,6030.0,6690.0,7210.0,7720.0,8140.0,8900.0,9820.0,10100.0,10400.0,10500.0,10400.0,10300.0,10500.0,10800.0,11000.0
M.0.EL,CIV,CO2,HISTCR,PRIMAP-hist_v2.3.1,MtCO2,Total CO2 emissions (excl. LULUCF),4.88,4.42,3.96,5.21,4.26,6.4,7.72,7.45,7.0,6.3500000000000005,6.9,7.930000000000001,7.78,5.63,7.7700000000000005,7.95,7.3500000000000005,7.16,7.25,6.15,6.74,7.140000000000001,9.19,10.3,10.6,10.200000000000001,12.700000000000001,12.8,13.0,13.3
M.0.EL,CMR,CO2,HISTCR,PRIMAP-hist_v2.3.1,MtCO2,Total CO2 emissions (excl. LULUCF),2.52,2.1,4.6000000000000005,5.0200000000000005,5.22,5.73,6.36,5.8100000000000005,5.73,5.62,5.97,5.96,5.71,6.1000000000000005,6.09,5.7700000000000005,5.83,7.78,7.71,8.94,8.93,8.51,8.07,7.26,9.16,10.4,11.0,10.3,10.6,9.870000000000001
M.0.EL,COD,CO2,HISTCR,PRIMAP-hist_v2.3.1,MtCO2,Total CO2 emissions (excl. LULUCF),3.79,2.86,2.6,2.48,2.72,2.87,3.25,3.5100000000000002,3.58,3.61,3.68,3.91,3.77,3.98,3.86,3.86,3.84,4.24,4.44,4.09,4.57,5.46,5.04,7.23,9.38,5.86,4.42,5.07,6.41,5.9
M.0.EL,COG,CO2,HISTCR,PRIMAP-hist_v2.3.1,MtCO2,Total CO2 emissions (excl. LULUCF),2.73,2.81,3.02,2.89,3.5,3.36,4.2,5.01,4.08,4.19,4.6000000000000005,4.5600000000000005,2.96,3.75,3.8200000000000003,4.48,4.91,4.37,4.37,5.0600000000000005,5.43,5.01,5.17,6.07,5.64,5.82,5.99,5.63,6.24,5.19
M.0.EL,COK,CO2,HISTCR,PRIMAP-hist_v2.3.1,MtCO2,Total CO2 emissions (excl. LULUCF),0.0367,0.0367,0.0367,0.0404,0.0404,0.0404,0.047700000000000006,0.047700000000000006,0.047700000000000006,0.047700000000000006,0.047799999999999995,0.033100000000000004,0.022,0.0294,0.047700000000000006,0.0551,0.047799999999999995,0.047799999999999995,0.047700000000000006,0.0441,0.0514,0.0587,0.0624,0.0624,0.06609999999999999,0.0624,0.0625,0.0698,0.0717,0.101
M.0.EL,COL,CO2,HISTCR,PRIMAP-hist_v2.3.1,MtCO2,Total CO2 emissions (excl. LULUCF),46.6,49.1,52.9,54.5,54.9,56.6,56.9,61.300000000000004,60.800000000000004,55.0,57.4,55.0,54.300000000000004,56.1,57.1,60.4,68.0,67.6,65.4,71.2,69.60000000000001,66.8,71.0,79.4,80.7,76.2,88.9,81.0,82.7,88.10000000000001
M.0.EL,COM,CO2,HISTCR,PRIMAP-hist_v2.3.1,MtCO2,Total CO2 emissions (excl. LULUCF),0.0638,0.0675,0.0675,0.0712,0.0713,0.075,0.0787,0.0824,0.0898,0.0935,0.105,0.105,0.105,0.134,0.145,0.14200000000000002,0.164,0.105,0.109,0.134,0.164,0.138,0.146,0.179,0.157,0.171,0.20400000000000001,0.241,0.253,0.222
M.0.EL,CPV,CO2,HISTCR,PRIMAP-hist_v2.3.1,MtCO2,Total CO2 emissions (excl. LULUCF),0.0965,0.1,0.108,0.111,0.115,0.122,0.14400000000000002,0.148,0.159,0.185,0.218,0.23700000000000002,0.277,0.31,0.332,0.442,0.47600000000000003,0.509,0.47200000000000003,0.523,0.56,0.62,0.506,0.499,0.491,0.495,0.542,0.582,0.747,0.76
M.0.EL,CRI,CO2,HISTCR,PRIMAP-hist_v2.3.1,MtCO2,Total CO2 emissions (excl. LULUCF),2.82,3.21,3.65,3.84,5.12,4.75,4.69,4.89,5.18,5.3100000000000005,5.25,5.42,5.91,6.18,6.32,6.09,6.5200000000000005,7.21,7.29,7.08,6.95,6.78,6.71,7.0200000000000005,7.16,6.84,7.32,7.66,8.24,9.16
M.0.EL,CUB,CO2,HISTCR,PRIMAP-hist_v2.3.1,MtCO2,Total CO2 emissions (excl. LULUCF),34.7,30.5,22.1,21.0,22.5,26.7,28.0,25.7,25.400000000000002,26.2,26.900000000000002,25.2,25.1,24.400000000000002,23.900000000000002,24.900000000000002,25.400000000000002,24.900000000000002,26.7,26.900000000000002,32.2,27.8,28.1,26.5,26.0,27.5,26.400000000000002,23.7,24.5,25.400000000000002
M.0.EL,CYP,CO2,HISTCR,PRIMAP-hist_v2.3.1,MtCO2,Total CO2 emissions (excl. LULUCF),4.69,5.19,5.55,5.79,6.0200000000000005,5.89,6.23,6.3100000000000005,6.61,6.87,7.12,6.99,7.18,7.57,7.8,7.96,8.18,8.5,8.71,8.47,8.1,7.79,7.26,6.58,6.95,6.97,7.37,7.5200000000000005,7.34,7.34
M.0.EL,CZE,CO2,HISTCR,PRIMAP-hist_v2.3.1,MtCO2,Total CO2 emissions (excl. LULUCF),164.0,149.0,145.0,139.0,132.0,132.0,135.0,131.0,125.0,117.0,127.0,127.0,124.0,127.0,128.0,126.0,126.0,128.0,123.0,115.0,118.0,115.0,111.0,107.0,104.0,105.0,107.0,108.0,106.0,101.0
M.0.EL,DEU,CO2,HISTCR,PRIMAP-hist_v2.3.1,MtCO2,Total CO2 emissions (excl. LULUCF),1050.0,1010.0,966.0,956.0,940.0,939.0,959.0,932.0,924.0,896.0,900.0,917.0,900.0,901.0,887.0,867.0,879.0,852.0,855.0,790.0,833.0,809.0,814.0,832.0,793.0,796.0,801.0,786.0,754.0,712.0
M.0.EL,DJI,CO2,HISTCR,PRIMAP-hist_v2.3.1,MtCO2,Total CO2 emissions (excl. LULUCF),0.326,0.342,0.341,0.341,0.333,0.333,0.337,0.352,0.34400000000000003,0.34500000000000003,0.369,0.369,0.402,0.423,0.41000000000000003,0.417,0.41300000000000003,0.465,0.501,0.461,0.52,0.47600000000000003,0.483,0.561,0.377,0.45,0.402,0.392,0.40900000000000003,0.41200000000000003
M.0.EL,DMA,CO2,HISTCR,PRIMAP-hist_v2.3.1,MtCO2,Total CO2 emissions (excl. LULUCF),0.0694,0.0695,0.0695,0.0915,0.10200000000000001,0.117,0.112,0.117,0.08470000000000001,0.114,0.136,0.145,0.137,0.136,0.135,0.14200000000000002,0.146,0.149,0.14400000000000002,0.151,0.153,0.161,0.164,0.166,0.17200000000000001,0.17500000000000002,0.17500000000000002,0.161,0.166,0.167
M.0.EL,DNK,CO2,HISTCR,PRIMAP-hist_v2.3.1,MtCO2,Total CO2 emissions (excl. LULUCF),54.9,65.5,59.6,61.7,65.7,62.7,76.0,66.6,62.4,59.9,55.6,57.300000000000004,56.9,62.1,56.5,53.0,60.9,56.1,52.6,50.2,50.7,45.7,41.2,43.1,38.9,36.5,38.300000000000004,36.2,36.300000000000004,32.5
M.0.EL,DOM,CO2,HISTCR,PRIMAP-hist_v2.3.1,MtCO2,Total CO2 emissions (excl. LULUCF),8.89,10.5,12.1,13.700000000000001,15.1,17.7,17.7,17.0,16.2,16.6,18.0,17.5,18.5,18.0,14.3,13.8,14.1,14.200000000000001,13.9,12.9,12.8,13.200000000000001,13.3,13.1,13.6,14.700000000000001,15.3,15.200000000000001,15.6,16.0
M.0.EL,DZA,CO2,HISTCR,PRIMAP-hist_v2.3.1,MtCO2,Total CO2 emissions (excl. LULUCF),82.10000000000001,84.9,88.0,89.60000000000001,93.5,102.0,104.0,92.3,110.0,95.60000000000001,95.10000000000001,90.9,95.5,100.0,96.4,116.0,111.0,114.0,116.0,123.0,122.0,126.0,140.0,144.0,157.0,166.0,167.0,170.0,179.0,184.0
M.0.EL,ECU,CO2,HISTCR,PRIMAP-hist_v2.3.1,MtCO2,Total CO2 emissions (excl. LULUCF),18.3,17.7,23.5,25.8,15.200000000000001,24.400000000000002,26.3,20.400000000000002,24.0,22.900000000000002,21.7,24.3,25.7,28.0,30.2,31.5,30.5,35.300000000000004,31.400000000000002,34.7,37.4,39.800000000000004,38.300000000000004,40.6,44.800000000000004,42.5,41.5,41.2,43.7,42.5
M.0.EL,EGY,CO2,HISTCR,PRIMAP-hist_v2.3.1,MtCO2,Total CO2 emissions (excl. LULUCF),87.8,87.2,87.2,97.5,87.60000000000001,96.3,93.2,104.0,114.0,115.0,127.0,120.0,125.0,147.0,153.0,173.0,184.0,193.0,204.0,211.0,211.0,225.0,222.0,219.0,234.0,231.0,244.0,262.0,263.0,261.0
M.0.EL,ERI,CO2,HISTCR,PRIMAP-hist_v2.3.1,MtCO2,Total CO2 emissions (excl. LULUCF),0.686,0.632,0.636,0.6900000000000001,0.709,0.776,0.852,0.762,0.6,0.639,0.61,0.588,0.5640000000000001,0.666,0.717,0.717,0.513,0.525,0.382,0.467,0.467,0.528,0.585,0.604,0.613,0.615,0.622,0.654,0.712,0.717
M.0.EL,ESP,CO2,HISTCR,PRIMAP-hist_v2.3.1,MtCO2,Total CO2 emissions (excl. LULUCF),231.0,241.0,250.0,241.0,254.0,267.0,255.0,267.0,276.0,300.0,311.0,313.0,333.0,338.0,355.0,370.0,361.0,369.0,337.0,297.0,284.0,285.0,279.0,253.0,255.0,272.0,261.0,275.0,270.0,252.0
M.0.EL,EST,CO2,HISTCR,PRIMAP-hist_v2.3.1,MtCO2,Total CO2 emissions (excl. LULUCF),38.800000000000004,34.9,25.8,20.8,21.7,20.0,20.900000000000002,20.400000000000002,18.2,16.9,17.0,17.5,16.8,18.8,19.1,19.0,18.5,21.8,19.900000000000002,17.1,22.0,22.2,21.1,23.1,22.6,19.8,21.5,22.900000000000002,22.3,17.0
M.0.EL,ETH,CO2,HISTCR,PRIMAP-hist_v2.3.1,MtCO2,Total CO2 emissions (excl. LULUCF),2.45,2.0100000000000002,2.15,2.46,2.45,2.34,2.59,3.0,3.12,3.29,3.5700000000000003,4.41,4.6000000000000005,5.11,5.44,6.76,6.54,9.26,8.55,9.24,11.4,9.83,10.0,11.4,13.9,14.3,16.2,18.1,19.1,19.2
M.0.EL,EUU,CO2,HISTCR,PRIMAP-hist_v2.3.1,MtCO2,Total CO2 emissions (excl. LULUCF),3880.0,3810.0,3690.0,3620.0,3600.0,3650.0,3740.0,3670.0,3660.0,3610.0,3620.0,3680.0,3680.0,3760.0,3770.0,3750.0,3760.0,3720.0,3640.0,3340.0,3450.0,3350.0,3270.0,3190.0,3060.0,3110.0,3120.0,3140.0,3070.0,2930.0
M.0.EL,FIN,CO2,HISTCR,PRIMAP-hist_v2.3.1,MtCO2,Total CO2 emissions (excl. LULUCF),57.1,55.4,54.5,56.6,62.2,59.1,64.5,63.1,59.7,59.300000000000004,57.300000000000004,62.800000000000004,65.4,72.9,69.2,57.300000000000004,68.7,67.0,58.9,56.2,64.4,56.9,51.4,51.9,47.800000000000004,44.300000000000004,47.4,44.800000000000004,46.0,42.7
M.0.EL,FJI,CO2,HISTCR,PRIMAP-hist_v2.3.1,MtCO2,Total CO2 emissions (excl. LULUCF),0.8130000000000001,0.673,0.749,0.751,0.749,0.767,0.8270000000000001,0.799,0.77,0.786,0.841,1.06,0.892,1.05,1.36,1.1,1.22,1.16,0.902,0.794,1.22,1.08,1.06,1.33,1.6400000000000001,2.15,2.04,1.93,1.98,2.75
M.0.EL,FRA,CO2,HISTCR,PRIMAP-hist_v2.3.1,MtCO2,Total CO2 emissions (excl. LULUCF),402.0,427.0,417.0,398.0,391.0,398.0,414.0,407.0,425.0,423.0,417.0,424.0,421.0,425.0,427.0,430.0,420.0,411.0,404.0,384.0,393.0,370.0,373.0,374.0,343.0,347.0,352.0,355.0,341.0,334.0
M.0.EL,FSM,CO2,HISTCR,PRIMAP-hist_v2.3.1,MtCO2,Total CO2 emissions (excl. LULUCF),0.0932,0.0978,0.10300000000000001,0.10300000000000001,0.106,0.114,0.114,0.121,0.121,0.125,0.128,0.14300000000000002,0.136,0.147,0.14300000000000002,0.121,0.121,0.132,0.11,0.147,0.10300000000000001,0.117,0.125,0.136,0.136,0.14300000000000002,0.14300000000000002,0.14300000000000002,0.147,0.20700000000000002
M.0.EL,GAB,CO2,HISTCR,PRIMAP-hist_v2.3.1,MtCO2,Total CO2 emissions (excl. LULUCF),6.3100000000000005,4.94,5.09,5.16,4.79,5.48,6.18,5.8,6.75,6.36,6.41,6.7700000000000005,6.5200000000000005,7.38,6.68,6.33,5.65,5.13,5.47,5.4,5.89,5.75,5.8100000000000005,6.1000000000000005,6.55,6.67,6.75,6.140000000000001,5.95,5.32
M.0.EL,GBR,CO2,HISTCR,PRIMAP-hist_v2.3.1,MtCO2,Total CO2 emissions (excl. LULUCF),601.0,609.0,594.0,579.0,575.0,567.0,589.0,563.0,568.0,562.0,568.0,577.0,561.0,572.0,574.0,571.0,568.0,560.0,545.0,495.0,512.0,470.0,488.0,478.0,439.0,423.0,400.0,388.0,383.0,370.0
M.0.EL,GEO,CO2,HISTCR,PRIMAP-hist_v2.3.1,MtCO2,Total CO2 emissions (excl. LULUCF),34.0,30.7,19.8,11.9,7.71,5.54,8.35,9.07,7.640000000000001,6.25,4.8,5.03,4.89,5.2,6.18,6.44,7.69,8.67,8.63,8.18,8.32,10.9,11.6,11.3,12.0,12.6,12.8,12.9,11.4,12.200000000000001
M.0.EL,GHA,CO2,HISTCR,PRIMAP-hist_v2.3.1,MtCO2,Total CO2 emissions (excl. LULUCF),2.95,2.47,2.99,3.22,3.34,3.66,3.95,4.08,4.47,5.04,6.41,5.7,6.1000000000000005,6.55,5.98,6.59,8.06,7.8,7.26,6.03,7.79,9.33,11.1,11.1,11.700000000000001,13.0,13.3,11.4,14.4,14.700000000000001
M.0.EL,GIN,CO2,HISTCR,PRIMAP-hist_v2.3.1,MtCO2,Total CO2 emissions (excl. LULUCF),1.04,1.06,1.09,1.12,1.16,1.2,1.28,1.33,1.41,1.48,1.54,1.61,1.67,1.75,1.81,1.87,1.94,2.02,2.05,2.16,2.54,2.65,2.48,2.17,2.22,2.5100000000000002,2.8000000000000003,2.94,3.45,3.5100000000000002
M.0.EL,GMB,CO2,HISTCR,PRIMAP-hist_v2.3.1,MtCO2,Total CO2 emissions (excl. LULUCF),0.20400000000000001,0.20400000000000001,0.20400000000000001,0.216,0.216,0.223,0.227,0.231,0.25,0.28300000000000003,0.28300000000000003,0.309,0.309,0.309,0.332,0.336,0.362,0.362,0.376,0.388,0.439,0.458,0.461,0.439,0.52,0.531,0.538,0.545,0.66,0.671
M.0.EL,GNB,CO2,HISTCR,PRIMAP-hist_v2.3.1,MtCO2,Total CO2 emissions (excl. LULUCF),0.177,0.181,0.185,0.189,0.189,0.189,0.189,0.20800000000000002,0.179,0.201,0.153,0.157,0.161,0.201,0.209,0.22,0.224,0.23900000000000002,0.23600000000000002,0.243,0.247,0.254,0.262,0.266,0.28,0.28800000000000003,0.302,0.302,0.376,0.383
M.0.EL,GNQ,CO2,HISTCR,PRIMAP-hist_v2.3.1,MtCO2,Total CO2 emissions (excl. LULUCF),0.0643,0.068,0.0683,0.0723,1.21,1.29,1.42,2.07,2.38,2.63,2.77,5.29,5.46,6.2700000000000005,7.7700000000000005,8.8,8.67,7.930000000000001,9.05,8.44,8.65,9.53,8.74,8.5,8.02,6.98,6.57,6.03,7.8100000000000005,7.19
M.0.EL,GRC,CO2,HISTCR,PRIMAP-hist_v2.3.1,MtCO2,Total CO2 emissions (excl. LULUCF),83.60000000000001,83.5,85.10000000000001,84.5,86.60000000000001,87.10000000000001,89.2,93.9,98.7,98.0,103.0,105.0,105.0,109.0,110.0,114.0,113.0,115.0,111.0,104.0,97.4,94.60000000000001,91.4,81.7,78.7,75.0,71.4,74.9,71.8,65.7
M.0.EL,GRD,CO2,HISTCR,PRIMAP-hist_v2.3.1,MtCO2,Total CO2 emissions (excl. LULUCF),0.107,0.111,0.11800000000000001,0.122,0.14400000000000002,0.151,0.155,0.17,0.177,0.195,0.192,0.195,0.20600000000000002,0.217,0.20600000000000002,0.217,0.232,0.23900000000000002,0.254,0.254,0.261,0.254,0.272,0.305,0.23600000000000002,0.261,0.269,0.28400000000000003,0.293,0.304
M.0.EL,GTM,CO2,HISTCR,PRIMAP-hist_v2.3.1,MtCO2,Total CO2 emissions (excl. LULUCF),4.46,5.59,7.5200000000000005,7.890000000000001,10.4,10.200000000000001,8.97,9.66,10.6,10.3,10.8,11.200000000000001,11.6,11.200000000000001,11.9,12.8,12.9,12.9,11.6,11.9,11.9,12.1,12.5,13.700000000000001,14.8,16.6,17.6,18.6,16.7,18.5
M.0.EL,GUY,CO2,HISTCR,PRIMAP-hist_v2.3.1,MtCO2,Total CO2 emissions (excl. LULUCF),1.44,1.45,1.45,1.45,1.45,1.47,1.54,1.69,1.78,1.73,1.7,2.1,1.67,1.67,1.67,1.4000000000000001,1.31,1.54,1.47,1.6500000000000001,1.6300000000000001,1.69,1.69,1.6400000000000001,1.7,1.73,2.04,2.02,2.24,2.24
M.0.EL,HND,CO2,HISTCR,PRIMAP-hist_v2.3.1,MtCO2,Total CO2 emissions (excl. LULUCF),2.89,2.93,3.18,3.35,3.67,4.3500000000000005,4.21,4.11,4.49,4.17,4.2700000000000005,4.99,5.34,6.18,6.86,7.3,6.640000000000001,8.26,8.2,7.79,7.75,8.45,8.870000000000001,9.06,9.13,9.92,9.43,9.77,10.3,11.4
M.0.EL,HRV,CO2,HISTCR,PRIMAP-hist_v2.3.1,MtCO2,Total CO2 emissions (excl. LULUCF),23.2,17.2,16.5,16.9,16.1,16.8,17.400000000000002,18.6,19.0,20.0,19.7,20.8,21.900000000000002,23.2,22.900000000000002,23.400000000000002,23.6,24.900000000000002,23.6,21.8,21.0,20.7,19.1,18.400000000000002,17.7,17.8,18.1,18.7,17.7,17.8
M.0.EL,HTI,CO2,HISTCR,PRIMAP-hist_v2.3.1,MtCO2,Total CO2 emissions (excl. LULUCF),0.612,0.613,0.556,0.422,0.211,0.9460000000000001,1.07,1.34,1.37,1.57,1.47,1.69,1.96,1.86,2.13,2.23,2.27,2.57,2.57,2.43,2.2800000000000002,2.2800000000000002,2.39,2.5,3.0300000000000002,3.47,3.5100000000000002,3.5500000000000003,3.66,3.79
M.0.EL,HUN,CO2,HISTCR,PRIMAP-hist_v2.3.1,MtCO2,Total CO2 emissions (excl. LULUCF),73.2,69.7,62.1,63.4,61.800000000000004,61.4,63.0,61.6,61.2,61.7,58.4,60.0,59.0,61.800000000000004,60.1,60.300000000000004,59.6,58.6,57.2,51.5,52.1,50.2,46.800000000000004,43.6,43.7,46.6,47.1,49.5,49.4,49.1
M.0.EL,IDN,CO2,HISTCR,PRIMAP-hist_v2.3.1,MtCO2,Total CO2 emissions (excl. LULUCF),194.0,213.0,228.0,244.0,258.0,274.0,293.0,310.0,326.0,341.0,338.0,368.0,369.0,398.0,403.0,399.0,405.0,420.0,410.0,425.0,470.0,522.0,560.0,516.0,559.0,565.0,572.0,543.0,591.0,632.0
M.0.EL,IND,CO2,HISTCR,PRIMAP-hist_v2.3.1,MtCO2,Total CO2 emissions (excl. LULUCF),649.0,695.0,741.0,764.0,813.0,860.0,920.0,950.0,968.0,1020.0,1050.0,1050.0,1050.0,1090.0,1150.0,1200.0,1270.0,1340.0,1460.0,1610.0,1610.0,1730.0,1900.0,1930.0,2130.0,2220.0,2280.0,2360.0,2500.0,2530.0
M.0.EL,IRL,CO2,HISTCR,PRIMAP-hist_v2.3.1,MtCO2,Total CO2 emissions (excl. LULUCF),33.0,33.8,33.6,33.9,35.0,35.9,37.5,38.9,40.800000000000004,42.5,45.300000000000004,47.7,46.2,45.800000000000004,46.9,48.9,48.300000000000004,48.4,48.0,42.800000000000004,42.4,38.7,38.800000000000004,37.800000000000004,37.4,39.1,40.6,39.5,39.5,37.6
M.0.EL,IRN,CO2,HISTCR,PRIMAP-hist_v2.3.1,MtCO2,Total CO2 emissions (excl. LULUCF),214.0,230.0,232.0,241.0,269.0,275.0,280.0,275.0,311.0,379.0,374.0,395.0,402.0,417.0,448.0,474.0,512.0,519.0,542.0,559.0,579.0,593.0,609.0,618.0,655.0,655.0,663.0,710.0,752.0,784.0
M.0.EL,IRQ,CO2,HISTCR,PRIMAP-hist_v2.3.1,MtCO2,Total CO2 emissions (excl. LULUCF),51.5,53.7,67.0,71.3,77.7,81.0,76.0,77.7,82.60000000000001,83.9,85.0,98.4,99.2,102.0,114.0,115.0,99.8,62.300000000000004,95.3,106.0,116.0,136.0,156.0,167.0,169.0,171.0,197.0,211.0,218.0,234.0
M.0.EL,ISL,CO2,HISTCR,PRIMAP-hist_v2.3.1,MtCO2,Total CO2 emissions (excl. LULUCF),2.23,2.11,2.25,2.41,2.36,2.47,2.52,2.62,2.64,2.84,2.93,2.86,2.99,2.98,3.11,2.98,3.15,3.5,3.81,3.73,3.63,3.5,3.5,3.48,3.46,3.54,3.49,3.61,3.66,3.5500000000000003
M.0.EL,ISR,CO2,HISTCR,PRIMAP-hist_v2.3.1,MtCO2,Total CO2 emissions (excl. LULUCF),36.7,37.0,42.9,45.1,48.300000000000004,50.800000000000004,52.9,55.800000000000004,57.800000000000004,56.6,61.9,64.7,60.5,63.4,63.5,63.800000000000004,64.8,67.7,67.1,64.2,66.1,68.2,73.4,67.3,65.4,67.2,66.2,66.1,64.8,66.9
M.0.EL,ITA,CO2,HISTCR,PRIMAP-hist_v2.3.1,MtCO2,Total CO2 emissions (excl. LULUCF),440.0,439.0,439.0,432.0,426.0,450.0,444.0,450.0,462.0,466.0,470.0,471.0,478.0,496.0,502.0,502.0,497.0,491.0,479.0,425.0,436.0,424.0,403.0,370.0,350.0,361.0,358.0,353.0,349.0,340.0
M.0.EL,JAM,CO2,HISTCR,PRIMAP-hist_v2.3.1,MtCO2,Total CO2 emissions (excl. LULUCF),7.3,7.49,7.48,7.74,7.930000000000001,8.88,9.370000000000001,9.71,9.38,9.61,9.97,10.200000000000001,9.870000000000001,10.3,10.200000000000001,10.1,11.200000000000001,9.89,10.700000000000001,7.94,7.3100000000000005,7.79,7.41,7.96,7.24,7.48,7.67,7.34,7.51,7.78
M.0.EL,JOR,CO2,HISTCR,PRIMAP-hist_v2.3.1,MtCO2,Total CO2 emissions (excl. LULUCF),10.6,10.0,12.200000000000001,12.0,13.5,13.6,14.3,14.8,15.1,15.3,16.5,17.2,18.3,19.0,21.0,23.0,23.3,24.3,23.5,24.1,23.3,23.8,26.8,26.8,29.2,28.5,27.2,28.900000000000002,23.2,23.6
M.0.EL,JPN,CO2,HISTCR,PRIMAP-hist_v2.3.1,MtCO2,Total CO2 emissions (excl. LULUCF),1160.0,1170.0,1180.0,1170.0,1230.0,1240.0,1250.0,1240.0,1200.0,1240.0,1260.0,1250.0,1280.0,1290.0,1280.0,1290.0,1270.0,1300.0,1230.0,1160.0,1210.0,1260.0,1310.0,1320.0,1260.0,1220.0,1200.0,1190.0,1140.0,1110.0
M.0.EL,KAZ,CO2,HISTCR,PRIMAP-hist_v2.3.1,MtCO2,Total CO2 emissions (excl. LULUCF),281.0,272.0,247.0,220.0,186.0,178.0,164.0,156.0,150.0,125.0,149.0,144.0,161.0,179.0,189.0,202.0,221.0,228.0,229.0,223.0,249.0,240.0,246.0,254.0,279.0,289.0,289.0,308.0,317.0,296.0
M.0.EL,KEN,CO2,HISTCR,PRIMAP-hist_v2.3.1,MtCO2,Total CO2 emissions (excl. LULUCF),5.61,4.71,5.37,6.08,6.26,7.18,8.48,7.23,8.370000000000001,8.16,8.13,7.8,7.13,6.45,7.8,9.53,10.700000000000001,11.200000000000001,11.8,14.3,14.3,15.6,14.6,15.6,16.8,19.7,20.8,19.7,20.3,20.5
M.0.EL,KGZ,CO2,HISTCR,PRIMAP-hist_v2.3.1,MtCO2,Total CO2 emissions (excl. LULUCF),20.8,17.900000000000002,14.8,11.9,8.83,5.73,5.92,6.73,5.71,5.24,5.15,4.89,5.11,5.26,5.48,5.5600000000000005,5.71,6.69,7.54,7.13,6.57,7.74,10.200000000000001,9.84,10.3,10.4,9.82,9.370000000000001,11.700000000000001,11.1
M.0.EL,KHM,CO2,HISTCR,PRIMAP-hist_v2.3.1,MtCO2,Total CO2 emissions (excl. LULUCF),1.28,1.33,1.37,1.41,1.45,1.53,1.55,1.5,1.9100000000000001,1.93,2.0100000000000002,2.29,2.24,2.42,2.49,2.82,3.04,3.52,3.93,4.6000000000000005,5.15,5.25,5.5,5.63,6.55,8.61,10.6,12.9,14.3,18.7
M.0.EL,KIR,CO2,HISTCR,PRIMAP-hist_v2.3.1,MtCO2,Total CO2 emissions (excl. LULUCF),0.0143,0.0143,0.0167,0.019,0.019,0.019,0.0189,0.0189,0.0189,0.0189,0.0212,0.0188,0.0257,0.028,0.0302,0.0318,0.0634,0.0683,0.06440000000000001,0.0538,0.0573,0.0538,0.0502,0.0502,0.0573,0.0609,0.0645,0.0645,0.0663,0.0928
M.0.EL,KNA,CO2,HISTCR,PRIMAP-hist_v2.3.1,MtCO2,Total CO2 emissions (excl. LULUCF),0.107,0.107,0.111,0.114,0.122,0.129,0.133,0.14400000000000002,0.151,0.162,0.17300000000000001,0.177,0.199,0.199,0.214,0.199,0.203,0.218,0.218,0.225,0.222,0.232,0.221,0.225,0.233,0.23600000000000002,0.24,0.248,0.255,0.264
M.0.EL,KOR,CO2,HISTCR,PRIMAP-hist_v2.3.1,MtCO2,Total CO2 emissions (excl. LULUCF),268.0,288.0,307.0,342.0,363.0,389.0,423.0,451.0,384.0,416.0,450.0,466.0,488.0,497.0,502.0,511.0,515.0,533.0,546.0,550.0,602.0,636.0,639.0,646.0,646.0,647.0,657.0,668.0,682.0,659.0
M.0.EL,KWT,CO2,HISTCR,PRIMAP-hist_v2.3.1,MtCO2,Total CO2 emissions (excl. LULUCF),40.9,470.0,33.5,54.300000000000004,61.9,60.800000000000004,56.300000000000004,62.1,57.800000000000004,59.800000000000004,60.300000000000004,64.2,65.3,68.4,71.8,80.7,82.5,83.60000000000001,90.8,95.10000000000001,97.3,94.7,107.0,101.0,96.10000000000001,101.0,107.0,110.0,110.0,110.0
M.0.EL,LAO,CO2,HISTCR,PRIMAP-hist_v2.3.1,MtCO2,Total CO2 emissions (excl. LULUCF),0.53,0.561,0.607,0.629,0.652,0.6900000000000001,0.773,0.8140000000000001,0.842,0.873,0.982,1.09,1.19,1.25,1.31,1.37,1.79,1.86,2.16,2.7,3.04,3.21,3.44,4.3,4.49,9.290000000000001,14.9,18.7,19.2,26.400000000000002
M.0.EL,LBN,CO2,HISTCR,PRIMAP-hist_v2.3.1,MtCO2,Total CO2 emissions (excl. LULUCF),9.35,9.46,11.5,12.700000000000001,13.200000000000001,14.700000000000001,15.1,16.0,17.5,16.8,15.5,16.5,16.4,18.7,17.400000000000002,16.9,15.0,14.0,17.7,21.400000000000002,20.400000000000002,20.7,22.400000000000002,23.1,25.1,26.900000000000002,27.7,29.2,20.6,21.0
M.0.EL,LBR,CO2,HISTCR,PRIMAP-hist_v2.3.1,MtCO2,Total CO2 emissions (excl. LULUCF),0.48,0.383,0.4,0.436,0.434,0.436,0.448,0.468,0.499,0.40700000000000003,0.438,0.465,0.454,0.486,0.5650000000000001,0.673,0.6920000000000001,0.648,0.554,0.494,0.78,0.872,0.984,0.899,1.21,1.23,1.3800000000000001,1.25,1.3900000000000001,1.41
M.0.EL,LBY,CO2,HISTCR,PRIMAP-hist_v2.3.1,MtCO2,Total CO2 emissions (excl. LULUCF),39.300000000000004,45.4,44.1,47.6,54.2,57.9,56.6,54.300000000000004,54.300000000000004,52.9,55.9,55.6,55.1,58.4,59.7,58.800000000000004,58.4,54.2,58.2,60.7,65.0,43.1,59.0,58.6,57.0,49.1,42.9,46.4,52.6,50.7
M.0.EL,LCA,CO2,HISTCR,PRIMAP-hist_v2.3.1,MtCO2,Total CO2 emissions (excl. LULUCF),0.171,0.179,0.16,0.244,0.272,0.322,0.333,0.311,0.294,0.331,0.343,0.356,0.308,0.40700000000000003,0.423,0.398,0.445,0.368,0.385,0.432,0.492,0.448,0.443,0.41400000000000003,0.467,0.482,0.448,0.47200000000000003,0.487,0.504
M.0.EL,LIE,CO2,HISTCR,PRIMAP-hist_v2.3.1,MtCO2,Total CO2 emissions (excl. LULUCF),0.2,0.20800000000000002,0.20800000000000002,0.216,0.202,0.20500000000000002,0.20700000000000002,0.219,0.23,0.227,0.218,0.216,0.221,0.23,0.231,0.23,0.232,0.202,0.22,0.20600000000000002,0.192,0.178,0.186,0.193,0.162,0.161,0.15,0.156,0.14300000000000002,0.149
M.0.EL,LKA,CO2,HISTCR,PRIMAP-hist_v2.3.1,MtCO2,Total CO2 emissions (excl. LULUCF),4.0600000000000005,4.38,5.37,5.25,5.7,6.07,7.24,7.7700000000000005,8.0,8.790000000000001,10.4,10.6,11.200000000000001,11.200000000000001,12.5,12.200000000000001,12.200000000000001,12.5,12.5,13.4,13.6,15.5,16.5,15.5,18.5,20.900000000000002,24.1,24.2,24.0,26.0
M.0.EL,LSO,CO2,HISTCR,PRIMAP-hist_v2.3.1,MtCO2,Total CO2 emissions (excl. LULUCF),1.48,1.53,1.59,1.6400000000000001,1.68,1.71,1.75,1.78,1.81,1.83,1.86,1.8800000000000001,1.9100000000000001,1.94,1.99,2.02,2.04,2.08,2.13,2.22,2.2800000000000002,2.33,2.4,2.43,2.44,2.33,2.36,2.54,2.61,2.46
M.0.EL,LTU,CO2,HISTCR,PRIMAP-hist_v2.3.1,MtCO2,Total CO2 emissions (excl. LULUCF),35.800000000000004,37.9,21.2,16.4,15.8,15.1,15.8,15.200000000000001,16.0,13.5,11.9,12.6,12.700000000000001,12.700000000000001,13.3,14.1,14.4,15.8,15.200000000000001,13.0,13.9,14.3,14.3,13.4,13.1,13.3,13.4,13.6,13.700000000000001,13.9
M.0.EL,LUX,CO2,HISTCR,PRIMAP-hist_v2.3.1,MtCO2,Total CO2 emissions (excl. LULUCF),11.8,12.4,12.200000000000001,12.4,11.5,9.15,9.200000000000001,8.55,7.68,8.13,8.71,9.21,9.98,10.5,11.8,12.1,11.9,11.3,11.200000000000001,10.6,11.200000000000001,11.1,10.9,10.3,9.84,9.35,9.09,9.26,9.57,9.75
M.0.EL,LVA,CO2,HISTCR,PRIMAP-hist_v2.3.1,MtCO2,Total CO2 emissions (excl. LULUCF),19.7,17.900000000000002,14.200000000000001,11.9,10.4,9.14,9.21,8.68,8.31,7.72,7.08,7.5,7.5200000000000005,7.73,7.73,7.8100000000000005,8.31,8.64,8.2,7.46,8.56,7.82,7.53,7.37,7.18,7.2700000000000005,7.22,7.22,7.87,7.66
M.0.EL,MAR,CO2,HISTCR,PRIMAP-hist_v2.3.1,MtCO2,Total CO2 emissions (excl. LULUCF),22.3,23.6,24.6,26.6,27.900000000000002,28.8,29.6,30.5,31.3,32.1,33.0,34.9,36.9,38.9,40.7,42.9,44.800000000000004,46.800000000000004,48.7,50.6,52.5,55.7,58.7,59.1,59.4,60.300000000000004,61.2,64.6,66.1,72.0
M.0.EL,MCO,CO2,HISTCR,PRIMAP-hist_v2.3.1,MtCO2,Total CO2 emissions (excl. LULUCF),0.115,0.116,0.121,0.12,0.12,0.11800000000000001,0.121,0.12,0.11800000000000001,0.11900000000000001,0.116,0.117,0.117,0.114,0.108,0.107,0.1,0.0999,0.09870000000000001,0.09340000000000001,0.0932,0.0906,0.0935,0.0936,0.0883,0.08990000000000001,0.0887,0.0874,0.089,0.085
M.0.EL,MDA,CO2,HISTCR,PRIMAP-hist_v2.3.1,MtCO2,Total CO2 emissions (excl. LULUCF),37.0,33.1,25.900000000000002,18.2,15.0,12.0,11.8,10.8,9.25,7.73,6.94,7.55,7.23,7.9,8.64,8.91,8.22,8.73,9.290000000000001,9.65,9.98,10.3,9.81,8.870000000000001,9.49,9.88,10.1,10.5,13.1,12.4
M.0.EL,MDG,CO2,HISTCR,PRIMAP-hist_v2.3.1,MtCO2,Total CO2 emissions (excl. LULUCF),0.886,0.963,0.936,0.962,1.19,1.24,1.29,1.56,1.6500000000000001,1.75,1.8,1.75,1.34,1.77,1.96,1.98,2.06,2.16,2.32,2.14,2.12,2.59,2.98,3.39,3.24,3.65,3.49,4.0600000000000005,4.3,4.34
M.0.EL,MDV,CO2,HISTCR,PRIMAP-hist_v2.3.1,MtCO2,Total CO2 emissions (excl. LULUCF),0.114,0.10200000000000001,0.152,0.131,0.131,0.199,0.26,0.32,0.326,0.448,0.498,0.53,0.672,0.608,0.784,0.732,0.913,0.9510000000000001,1.03,1.09,1.16,1.23,1.3,1.3900000000000001,1.45,1.47,1.6300000000000001,1.69,1.75,1.82
M.0.EL,MEX,CO2,HISTCR,PRIMAP-hist_v2.3.1,MtCO2,Total CO2 emissions (excl. LULUCF),321.0,330.0,333.0,336.0,357.0,349.0,377.0,407.0,432.0,412.0,415.0,404.0,419.0,418.0,422.0,435.0,458.0,497.0,574.0,534.0,508.0,502.0,487.0,495.0,501.0,496.0,504.0,491.0,486.0,473.0
M.0.EL,MHL,CO2,HISTCR,PRIMAP-hist_v2.3.1,MtCO2,Total CO2 emissions (excl. LULUCF),0.0608,0.0638,0.0629,0.0689,0.0689,0.0719,0.0719,0.0719,0.07490000000000001,0.0719,0.08090000000000001,0.0849,0.09190000000000001,0.0897,0.1,0.09770000000000001,0.106,0.111,0.115,0.12,0.125,0.128,0.125,0.128,0.132,0.132,0.132,0.135,0.139,0.195
M.0.EL,MKD,CO2,HISTCR,PRIMAP-hist_v2.3.1,MtCO2,Total CO2 emissions (excl. LULUCF),10.1,9.41,8.83,9.24,8.950000000000001,9.14,8.85,9.620000000000001,10.3,9.94,9.58,9.71,10.1,9.35,9.11,9.89,8.950000000000001,9.46,9.52,9.61,9.700000000000001,9.790000000000001,9.89,8.97,8.49,7.94,7.78,8.38,7.87,8.950000000000001
M.0.EL,MLI,CO2,HISTCR,PRIMAP-hist_v2.3.1,MtCO2,Total CO2 emissions (excl. LULUCF),0.898,0.922,0.9530000000000001,0.977,0.999,1.01,1.02,1.06,1.51,1.55,1.58,1.5,1.46,1.3900000000000001,1.4000000000000001,1.4000000000000001,1.62,1.9100000000000001,2.2600000000000002,2.54,2.7600000000000002,3.0100000000000002,3.2,3.62,3.93,4.2,4.21,4.22,4.8500000000000005,4.92
M.0.EL,MLT,CO2,HISTCR,PRIMAP-hist_v2.3.1,MtCO2,Total CO2 emissions (excl. LULUCF),2.41,2.2600000000000002,2.32,2.89,2.67,2.46,2.58,2.59,2.5500000000000003,2.63,2.5500000000000003,2.67,2.71,2.98,2.85,2.65,2.67,2.74,2.75,2.5300000000000002,2.58,2.58,2.7600000000000002,2.44,2.45,1.74,1.41,1.56,1.54,1.67
M.0.EL,MMR,CO2,HISTCR,PRIMAP-hist_v2.3.1,MtCO2,Total CO2 emissions (excl. LULUCF),3.61,3.46,4.0,4.3500000000000005,5.17,5.74,5.98,6.17,6.65,7.33,8.27,7.79,8.13,8.64,9.14,8.52,9.4,9.42,7.26,7.55,9.66,11.1,8.99,9.790000000000001,12.1,16.2,18.7,18.6,18.6,25.3
M.0.EL,MNE,CO2,HISTCR,PRIMAP-hist_v2.3.1,MtCO2,Total CO2 emissions (excl. LULUCF),2.67,2.74,2.07,1.71,1.53,0.9550000000000001,2.0100000000000002,2.13,2.5300000000000002,2.5500000000000003,2.7,2.32,2.82,2.71,2.71,2.47,2.58,2.59,3.14,2.08,2.77,2.99,2.86,2.5300000000000002,2.41,2.57,2.37,2.47,2.62,2.7600000000000002
M.0.EL,MNG,CO2,HISTCR,PRIMAP-hist_v2.3.1,MtCO2,Total CO2 emissions (excl. LULUCF),10.9,12.6,11.0,10.200000000000001,8.9,8.73,7.12,6.94,7.04,7.0,7.33,7.33,7.87,7.78,7.92,9.55,11.4,11.700000000000001,11.700000000000001,12.1,12.8,14.200000000000001,15.700000000000001,16.8,16.3,12.8,14.0,19.0,19.6,27.2
M.0.EL,MOZ,CO2,HISTCR,PRIMAP-hist_v2.3.1,MtCO2,Total CO2 emissions (excl. LULUCF),1.07,1.07,1.06,1.1400000000000001,1.12,1.18,1.16,1.24,1.18,1.24,1.49,2.06,2.05,2.59,2.82,2.74,2.91,3.18,3.12,3.4,3.6,4.1,4.09,5.11,9.34,7.36,9.01,9.56,9.98,10.0
M.0.EL,MRT,CO2,HISTCR,PRIMAP-hist_v2.3.1,MtCO2,Total CO2 emissions (excl. LULUCF),0.899,0.838,0.841,0.917,1.02,1.07,1.1300000000000001,1.17,1.1300000000000001,1.16,1.1500000000000001,1.18,1.3,1.35,1.44,1.5,1.52,1.77,1.85,2.16,2.3000000000000003,2.5300000000000002,2.69,2.72,2.75,2.7800000000000002,2.94,3.1,2.83,2.88
M.0.EL,MUS,CO2,HISTCR,PRIMAP-hist_v2.3.1,MtCO2,Total CO2 emissions (excl. LULUCF),1.71,1.77,1.94,2.02,1.87,2.09,2.08,2.0100000000000002,2.06,2.18,2.3000000000000003,2.49,2.52,2.68,2.68,2.84,3.46,3.5700000000000003,3.7,3.68,3.93,3.99,4.08,4.23,4.38,4.38,4.5200000000000005,4.68,4.62,4.96
M.0.EL,MWI,CO2,HISTCR,PRIMAP-hist_v2.3.1,MtCO2,Total CO2 emissions (excl. LULUCF),0.773,0.8320000000000001,0.8300000000000001,0.923,0.932,0.9450000000000001,0.9480000000000001,0.992,0.97,0.965,0.911,0.8280000000000001,0.926,0.984,0.995,0.997,1.02,1.03,1.1500000000000001,1.16,1.1,1.2,1.17,1.21,1.07,1.16,1.36,1.41,1.49,1.5
M.0.EL,MYS,CO2,HISTCR,PRIMAP-hist_v2.3.1,MtCO2,Total CO2 emissions (excl. LULUCF),66.6,76.3,82.10000000000001,81.8,89.0,91.3,107.0,124.0,113.0,127.0,139.0,145.0,154.0,168.0,181.0,194.0,193.0,209.0,218.0,207.0,219.0,218.0,237.0,244.0,251.0,254.0,271.0,267.0,277.0,284.0
M.0.EL,NAM,CO2,HISTCR,PRIMAP-hist_v2.3.1,MtCO2,Total CO2 emissions (excl. LULUCF),1.07,1.1500000000000001,1.22,1.32,1.43,1.44,1.53,1.58,1.72,1.85,1.8900000000000001,2.07,2.12,2.49,2.68,2.85,3.0,3.12,2.96,3.0500000000000003,3.14,3.15,3.43,3.3000000000000003,3.67,3.92,4.07,4.22,4.29,4.11
M.0.EL,NER,CO2,HISTCR,PRIMAP-hist_v2.3.1,MtCO2,Total CO2 emissions (excl. LULUCF),0.655,0.745,0.811,1.07,1.1400000000000001,1.21,1.47,1.59,1.83,1.87,2.0,1.83,1.8800000000000001,2.0,2.08,1.77,1.68,1.7,1.85,2.21,2.7,3.02,4.1,4.5,4.91,4.74,4.8,4.65,5.24,5.39
M.0.EL,NGA,CO2,HISTCR,PRIMAP-hist_v2.3.1,MtCO2,Total CO2 emissions (excl. LULUCF),84.3,88.5,93.8,93.4,84.2,88.2,102.0,99.9,90.8,89.4,101.0,105.0,94.4,106.0,99.60000000000001,104.0,92.7,84.5,90.0,79.8,114.0,132.0,113.0,120.0,126.0,113.0,118.0,132.0,145.0,140.0
M.0.EL,NIC,CO2,HISTCR,PRIMAP-hist_v2.3.1,MtCO2,Total CO2 emissions (excl. LULUCF),2.09,2.0300000000000002,2.42,2.32,2.5500000000000003,2.8000000000000003,2.9,3.17,3.44,3.65,3.77,3.97,4.03,4.39,4.43,4.3100000000000005,4.48,4.62,4.43,4.51,4.54,4.86,4.61,4.41,4.65,5.32,5.5200000000000005,5.5200000000000005,5.68,6.32
M.0.EL,NIU,CO2,HISTCR,PRIMAP-hist_v2.3.1,MtCO2,Total CO2 emissions (excl. LULUCF),0.0044,0.0044,0.0044,0.0044,0.0044,0.00447,0.00454,0.00461,0.00468,0.00475,0.0048200000000000005,0.00497,0.005110000000000001,0.00525,0.0054,0.00554,0.0067,0.0081,0.00484,0.00505,0.00505,0.0101,0.0101,0.0101,0.0152,0.0101,0.0101,0.0101,0.010400000000000001,0.0146
M.0.EL,NLD,CO2,HISTCR,PRIMAP-hist_v2.3.1,MtCO2,Total CO2 emissions (excl. LULUCF),162.0,170.0,170.0,170.0,171.0,172.0,181.0,175.0,175.0,170.0,171.0,176.0,176.0,179.0,181.0,177.0,172.0,172.0,175.0,170.0,182.0,168.0,165.0,165.0,158.0,164.0,165.0,163.0,159.0,153.0
M.0.EL,NOR,CO2,HISTCR,PRIMAP-hist_v2.3.1,MtCO2,Total CO2 emissions (excl. LULUCF),35.300000000000004,33.8,34.7,36.2,38.1,38.7,41.800000000000004,42.0,42.2,43.0,42.5,43.9,43.0,44.300000000000004,44.6,43.800000000000004,44.4,46.1,45.2,43.7,46.1,45.4,45.0,45.0,45.0,45.300000000000004,44.4,43.6,43.9,42.2
M.0.EL,NPL,CO2,HISTCR,PRIMAP-hist_v2.3.1,MtCO2,Total CO2 emissions (excl. LULUCF),0.854,1.16,1.4000000000000001,1.57,1.81,2.52,2.58,2.88,2.35,3.31,3.15,3.35,2.71,3.1,2.68,3.0700000000000003,2.54,2.66,3.45,4.26,4.95,5.34,5.6000000000000005,6.36,7.76,6.92,10.0,11.700000000000001,13.1,17.0
M.0.EL,NRU,CO2,HISTCR,PRIMAP-hist_v2.3.1,MtCO2,Total CO2 emissions (excl. LULUCF),0.0324,0.0324,0.0315,0.0296,0.0286,0.0263,0.023899999999999998,0.0223,0.0198,0.0166,0.0137,0.0209,0.0282,0.035500000000000004,0.034,0.03,0.02,0.0177,0.0245,0.0313,0.038,0.0349,0.038,0.0412,0.0443,0.0474,0.0381,0.0412,0.0423,0.0593
M.0.EL,NZL,CO2,HISTCR,PRIMAP-hist_v2.3.1,MtCO2,Total CO2 emissions (excl. LULUCF),25.7,26.400000000000002,28.3,27.900000000000002,28.1,28.2,29.5,31.400000000000002,30.0,31.6,32.4,34.6,34.7,36.4,36.0,37.6,37.6,36.7,37.800000000000004,34.9,35.1,34.5,36.2,35.300000000000004,35.5,36.1,34.300000000000004,35.9,35.800000000000004,37.5
M.0.EL,OMN,CO2,HISTCR,PRIMAP-hist_v2.3.1,MtCO2,Total CO2 emissions (excl. LULUCF),13.200000000000001,13.1,13.200000000000001,14.1,14.700000000000001,15.1,14.1,13.8,13.5,14.700000000000001,14.9,16.1,19.8,26.3,24.7,28.1,35.800000000000004,40.1,40.6,40.2,46.1,53.800000000000004,59.9,62.800000000000004,62.7,64.9,65.5,69.8,70.9,73.3
M.0.EL,PAK,CO2,HISTCR,PRIMAP-hist_v2.3.1,MtCO2,Total CO2 emissions (excl. LULUCF),72.4,71.9,76.5,82.60000000000001,89.4,89.10000000000001,99.10000000000001,99.3,104.0,106.0,112.0,114.0,120.0,125.0,137.0,142.0,151.0,163.0,163.0,164.0,163.0,163.0,163.0,158.0,162.0,178.0,212.0,244.0,254.0,252.0
M.0.EL,PAN,CO2,HISTCR,PRIMAP-hist_v2.3.1,MtCO2,Total CO2 emissions (excl. LULUCF),2.66,3.13,4.14,3.8200000000000003,4.21,3.68,4.48,4.66,5.94,5.65,5.76,6.99,5.8500000000000005,6.13,5.74,6.78,7.41,7.23,7.3500000000000005,8.46,9.11,9.99,9.8,11.4,10.9,10.9,10.5,11.9,11.5,12.8
M.0.EL,PER,CO2,HISTCR,PRIMAP-hist_v2.3.1,MtCO2,Total CO2 emissions (excl. LULUCF),25.2,26.6,26.400000000000002,30.900000000000002,31.400000000000002,31.900000000000002,30.3,32.9,32.8,33.8,32.9,30.3,29.5,29.7,33.1,34.5,32.4,37.800000000000004,39.2,42.5,45.6,44.9,47.800000000000004,45.7,52.0,51.7,55.2,55.1,57.6,56.7
M.0.EL,PHL,CO2,HISTCR,PRIMAP-hist_v2.3.1,MtCO2,Total CO2 emissions (excl. LULUCF),43.0,45.1,50.0,50.6,55.800000000000004,61.7,63.0,72.10000000000001,69.9,70.0,74.2,72.2,72.2,72.10000000000001,74.7,75.3,68.5,72.8,79.4,78.7,85.10000000000001,86.10000000000001,90.9,98.4,104.0,115.0,125.0,137.0,142.0,149.0
M.0.EL,PLW,CO2,HISTCR,PRIMAP-hist_v2.3.1,MtCO2,Total CO2 emissions (excl. LULUCF),0.10400000000000001,0.10400000000000001,0.0881,0.0883,0.09129999999999999,0.1,0.11,0.121,0.129,0.14100000000000001,0.157,0.193,0.225,0.262,0.299,0.336,0.34800000000000003,0.385,0.313,0.303,0.319,0.329,0.33,0.333,0.339,0.339,0.339,0.35000000000000003,0.359,0.504
M.0.EL,PNG,CO2,HISTCR,PRIMAP-hist_v2.3.1,MtCO2,Total CO2 emissions (excl. LULUCF),2.2,2.23,2.25,2.25,2.24,2.12,2.25,2.68,3.62,2.63,3.02,3.41,3.73,4.16,4.7700000000000005,5.07,5.16,6.67,5.65,5.34,4.78,5.34,5.14,5.5,6.7,6.58,6.98,6.38,6.55,9.09
M.0.EL,POL,CO2,HISTCR,PRIMAP-hist_v2.3.1,MtCO2,Total CO2 emissions (excl. LULUCF),377.0,374.0,365.0,365.0,361.0,363.0,378.0,368.0,339.0,330.0,318.0,314.0,307.0,320.0,324.0,322.0,336.0,336.0,329.0,316.0,334.0,333.0,325.0,321.0,309.0,311.0,322.0,336.0,335.0,318.0
M.0.EL,PRK,CO2,HISTCR,PRIMAP-hist_v2.3.1,MtCO2,Total CO2 emissions (excl. LULUCF),184.0,178.0,156.0,146.0,135.0,120.0,100.0,88.2,72.10000000000001,71.60000000000001,69.4,74.5,74.4,76.0,77.7,81.0,82.3,69.10000000000001,74.8,57.4,53.800000000000004,40.300000000000004,40.4,29.6,37.2,31.0,34.2,28.7,29.0,36.7
M.0.EL,PRT,CO2,HISTCR,PRIMAP-hist_v2.3.1,MtCO2,Total CO2 emissions (excl. LULUCF),45.300000000000004,47.2,51.0,49.5,50.300000000000004,54.5,51.800000000000004,54.7,59.300000000000004,66.9,65.7,65.3,69.7,64.7,67.5,69.7,64.9,62.4,60.1,57.2,53.0,51.800000000000004,50.0,48.2,48.0,52.300000000000004,50.5,55.2,51.5,47.6
M.0.EL,PRY,CO2,HISTCR,PRIMAP-hist_v2.3.1,MtCO2,Total CO2 emissions (excl. LULUCF),2.46,2.44,3.06,3.36,3.94,4.46,4.18,4.47,4.63,4.57,3.81,3.99,4.24,4.46,4.57,4.33,4.49,4.5600000000000005,4.8,5.08,5.53,5.5600000000000005,5.84,5.69,5.99,6.55,7.66,8.55,7.43,7.42
M.0.EL,QAT,CO2,HISTCR,PRIMAP-hist_v2.3.1,MtCO2,Total CO2 emissions (excl. LULUCF),16.2,21.8,31.400000000000002,35.0,35.0,35.6,37.1,45.9,41.5,40.6,44.7,50.1,49.300000000000004,50.6,51.9,53.0,65.1,64.9,67.8,71.7,81.3,91.2,107.0,97.7,120.0,120.0,117.0,113.0,101.0,111.0
M.0.EL,ROU,CO2,HISTCR,PRIMAP-hist_v2.3.1,MtCO2,Total CO2 emissions (excl. LULUCF),173.0,141.0,132.0,123.0,122.0,126.0,130.0,120.0,107.0,89.3,93.4,99.60000000000001,99.9,103.0,103.0,101.0,105.0,103.0,99.5,81.9,78.0,86.10000000000001,83.9,74.8,75.60000000000001,76.4,74.2,77.2,77.60000000000001,74.8
M.0.EL,RUS,CO2,HISTCR,PRIMAP-hist_v2.3.1,MtCO2,Total CO2 emissions (excl. LULUCF),2550.0,2430.0,2000.0,1890.0,1660.0,1640.0,1610.0,1500.0,1490.0,1520.0,1490.0,1530.0,1520.0,1550.0,1560.0,1570.0,1630.0,1620.0,1640.0,1550.0,1640.0,1690.0,1710.0,1640.0,1640.0,1670.0,1660.0,1690.0,1730.0,1720.0
M.0.EL,RWA,CO2,HISTCR,PRIMAP-hist_v2.3.1,MtCO2,Total CO2 emissions (excl. LULUCF),0.546,0.491,0.5,0.502,0.48,0.47300000000000003,0.483,0.503,0.508,0.535,0.549,0.55,0.55,0.54,0.547,0.546,0.546,0.5690000000000001,0.558,0.585,0.601,0.677,0.748,0.81,0.844,0.9580000000000001,1.07,1.1,1.16,1.17
M.0.EL,SAU,CO2,HISTCR,PRIMAP-hist_v2.3.1,MtCO2,Total CO2 emissions (excl. LULUCF),147.0,206.0,222.0,246.0,250.0,198.0,220.0,189.0,183.0,200.0,261.0,266.0,292.0,298.0,355.0,360.0,391.0,358.0,400.0,429.0,476.0,455.0,502.0,486.0,538.0,575.0,511.0,522.0,511.0,510.0
M.0.EL,SDN,CO2,HISTCR,PRIMAP-hist_v2.3.1,MtCO2,Total CO2 emissions (excl. LULUCF),4.88,4.57,4.1,2.87,3.96,4.0600000000000005,4.22,5.14,4.46,4.8500000000000005,5.41,6.13,7.73,8.61,10.9,10.6,11.6,13.6,14.200000000000001,14.8,15.200000000000001,14.700000000000001,15.3,17.1,17.6,21.2,20.2,22.6,23.7,24.0
M.0.EL,SEN,CO2,HISTCR,PRIMAP-hist_v2.3.1,MtCO2,Total CO2 emissions (excl. LULUCF),3.2,3.45,3.49,3.61,3.91,3.5,3.75,3.2600000000000002,3.44,3.72,4.0,4.37,4.57,5.01,5.32,5.62,4.51,4.95,4.84,4.8100000000000005,7.4,7.94,7.48,7.96,8.9,9.96,10.200000000000001,9.69,10.8,10.9
M.0.EL,SGP,CO2,HISTCR,PRIMAP-hist_v2.3.1,MtCO2,Total CO2 emissions (excl. LULUCF),21.7,22.1,23.6,24.6,29.6,23.2,28.8,36.5,33.5,37.6,40.6,41.9,40.6,42.9,41.6,33.5,38.6,42.5,49.7,75.4,51.0,34.7,52.6,58.0,56.800000000000004,69.5,56.1,55.7,54.5,54.4
M.0.EL,SLB,CO2,HISTCR,PRIMAP-hist_v2.3.1,MtCO2,Total CO2 emissions (excl. LULUCF),0.152,0.163,0.167,0.178,0.189,0.197,0.20400000000000001,0.212,0.223,0.223,0.231,0.242,0.253,0.264,0.28300000000000003,0.29,0.298,0.309,0.317,0.327,0.338,0.353,0.357,0.383,0.339,0.302,0.298,0.295,0.303,0.422
M.0.EL,SLE,CO2,HISTCR,PRIMAP-hist_v2.3.1,MtCO2,Total CO2 emissions (excl. LULUCF),0.56,0.624,0.47200000000000003,0.47600000000000003,0.501,0.27,0.315,0.245,0.278,0.169,0.41100000000000003,0.441,0.556,0.593,0.58,0.489,0.644,0.546,0.5650000000000001,0.5660000000000001,0.606,0.776,0.893,1.07,1.17,0.9380000000000001,0.963,0.969,1.19,1.21
M.0.EL,SLV,CO2,HISTCR,PRIMAP-hist_v2.3.1,MtCO2,Total CO2 emissions (excl. LULUCF),2.72,3.43,3.58,4.21,4.7700000000000005,5.21,4.65,5.74,5.99,5.87,5.89,6.11,6.32,6.61,6.5200000000000005,6.58,7.0600000000000005,7.18,6.7700000000000005,6.7,6.74,6.99,7.04,6.84,6.82,7.29,7.26,6.67,7.95,8.85
M.0.EL,SMR,CO2,HISTCR,PRIMAP-hist_v2.3.1,MtCO2,Total CO2 emissions (excl. LULUCF),0.183,0.188,0.189,0.188,0.188,0.202,0.202,0.20700000000000002,0.214,0.218,0.224,0.226,0.228,0.23800000000000002,0.242,0.244,0.244,0.243,0.23700000000000002,0.214,0.219,0.216,0.203,0.182,0.17,0.177,0.17400000000000002,0.17400000000000002,0.17200000000000001,0.156
M.0.EL,SOM,CO2,HISTCR,PRIMAP-hist_v2.3.1,MtCO2,Total CO2 emissions (excl. LULUCF),0.758,0.734,0.706,0.666,0.654,0.614,0.593,0.5640000000000001,0.539,0.517,0.507,0.53,0.615,0.623,0.625,0.626,0.626,0.642,0.635,0.632,0.647,0.647,0.644,0.667,0.667,0.666,0.674,0.674,0.709,0.717
M.0.EL,SRB,CO2,HISTCR,PRIMAP-hist_v2.3.1,MtCO2,Total CO2 emissions (excl. LULUCF),58.6,38.4,45.7,39.7,38.7,40.4,47.6,51.2,53.800000000000004,37.1,46.4,50.7,53.7,57.0,61.800000000000004,53.1,62.7,61.1,60.7,55.0,55.5,59.2,53.300000000000004,54.1,45.5,53.4,55.2,54.9,55.6,60.300000000000004
M.0.EL,SSD,CO2,HISTCR,PRIMAP-hist_v2.3.1,MtCO2,Total CO2 emissions (excl. LULUCF),0.506,0.47000000000000003,0.419,0.294,0.41200000000000003,0.41000000000000003,0.43,0.528,0.462,0.504,0.584,0.651,0.8130000000000001,0.901,1.1500000000000001,1.1400000000000001,1.24,1.46,1.52,1.58,1.58,1.48,1.54,1.7,1.8,2.23,1.96,1.74,1.81,1.87
M.0.EL,STP,CO2,HISTCR,PRIMAP-hist_v2.3.1,MtCO2,Total CO2 emissions (excl. LULUCF),0.048299999999999996,0.048299999999999996,0.048299999999999996,0.048299999999999996,0.048299999999999996,0.048299999999999996,0.048299999999999996,0.048299999999999996,0.048299999999999996,0.0484,0.048299999999999996,0.052000000000000005,0.0594,0.06659999999999999,0.0741,0.0778,0.0851,0.0852,0.0852,0.0925,0.0999,0.10400000000000001,0.115,0.115,0.115,0.115,0.122,0.126,0.12,0.109
M.0.EL,SUR,CO2,HISTCR,PRIMAP-hist_v2.3.1,MtCO2,Total CO2 emissions (excl. LULUCF),1.8,2.08,2.1,2.1,2.1,2.12,2.14,2.15,2.16,2.14,2.24,2.41,1.61,1.59,1.6,1.6400000000000001,1.79,1.8,1.98,2.04,2.44,2.22,2.68,2.79,2.85,2.75,2.32,2.52,2.99,2.99
M.0.EL,SVK,CO2,HISTCR,PRIMAP-hist_v2.3.1,MtCO2,Total CO2 emissions (excl. LULUCF),61.5,53.300000000000004,48.9,46.300000000000004,43.7,44.2,44.0,44.2,43.9,43.1,41.2,43.2,42.0,42.300000000000004,42.800000000000004,42.800000000000004,42.6,41.0,41.4,37.6,38.4,38.0,35.9,35.5,33.6,34.4,34.9,36.0,36.0,33.8
M.0.EL,SVN,CO2,HISTCR,PRIMAP-hist_v2.3.1,MtCO2,Total CO2 emissions (excl. LULUCF),15.1,14.0,13.9,14.200000000000001,14.6,15.3,16.0,16.5,16.0,15.4,15.0,16.3,16.5,16.2,16.7,16.9,17.2,17.3,18.2,16.2,16.4,16.3,15.700000000000001,15.1,13.5,13.6,14.4,14.6,14.5,14.0
M.0.EL,SWE,CO2,HISTCR,PRIMAP-hist_v2.3.1,MtCO2,Total CO2 emissions (excl. LULUCF),57.4,57.800000000000004,57.5,57.5,60.0,59.4,63.300000000000004,58.300000000000004,58.7,55.9,54.7,55.6,56.6,57.2,56.5,53.9,53.7,53.0,50.9,47.300000000000004,53.1,49.300000000000004,46.800000000000004,45.2,43.300000000000004,43.6,43.300000000000004,42.6,42.1,40.9
M.0.EL,SWZ,CO2,HISTCR,PRIMAP-hist_v2.3.1,MtCO2,Total CO2 emissions (excl. LULUCF),0.97,0.882,0.842,0.717,1.09,1.07,0.793,1.1500000000000001,1.17,1.25,1.22,1.1,1.09,1.01,1.01,1.02,1.02,1.05,1.04,1.08,1.02,1.03,1.2,1.55,0.912,0.985,1.19,0.992,1.02,0.961
M.0.EL,SYC,CO2,HISTCR,PRIMAP-hist_v2.3.1,MtCO2,Total CO2 emissions (excl. LULUCF),0.152,0.17400000000000002,0.17400000000000002,0.185,0.203,0.2,0.23600000000000002,0.343,0.434,0.512,0.5740000000000001,0.637,0.541,0.551,0.74,0.6920000000000001,0.736,0.644,0.6950000000000001,0.527,0.447,0.329,0.425,0.334,0.491,0.484,0.597,0.59,0.43,0.41500000000000004
M.0.EL,SYR,CO2,HISTCR,PRIMAP-hist_v2.3.1,MtCO2,Total CO2 emissions (excl. LULUCF),37.1,42.0,42.5,45.0,46.0,46.5,47.5,49.7,53.6,55.7,54.6,51.5,41.2,55.9,52.2,51.5,55.0,67.9,69.0,64.2,63.5,57.4,45.300000000000004,36.0,29.900000000000002,28.7,28.7,27.1,38.1,38.0
M.0.EL,TCD,CO2,HISTCR,PRIMAP-hist_v2.3.1,MtCO2,Total CO2 emissions (excl. LULUCF),0.41400000000000003,0.423,0.445,0.437,0.442,0.459,0.47700000000000004,0.486,0.5,0.515,0.526,0.546,0.5700000000000001,0.934,0.973,0.999,1.03,1.1400000000000001,1.12,1.12,1.16,1.29,0.876,0.98,1.37,1.23,1.58,1.56,1.54,1.5
M.0.EL,TGO,CO2,HISTCR,PRIMAP-hist_v2.3.1,MtCO2,Total CO2 emissions (excl. LULUCF),0.7030000000000001,0.736,0.863,0.799,0.965,1.3,1.55,1.17,1.37,1.99,1.55,1.46,1.6300000000000001,2.12,2.04,2.02,1.84,1.71,1.85,3.1,2.91,2.8000000000000003,2.52,2.62,2.82,3.2800000000000002,3.8200000000000003,3.75,4.33,4.39
M.0.EL,THA,CO2,HISTCR,PRIMAP-hist_v2.3.1,MtCO2,Total CO2 emissions (excl. LULUCF),90.8,99.9,109.0,125.0,138.0,161.0,178.0,184.0,165.0,172.0,177.0,189.0,199.0,211.0,226.0,232.0,236.0,239.0,236.0,252.0,266.0,265.0,283.0,299.0,294.0,297.0,295.0,297.0,301.0,297.0
M.0.EL,TJK,CO2,HISTCR,PRIMAP-hist_v2.3.1,MtCO2,Total CO2 emissions (excl. LULUCF),17.8,17.400000000000002,14.3,12.0,6.86,4.84,3.37,3.49,2.65,2.75,2.67,2.9,2.73,2.91,3.44,2.7800000000000002,3.61,2.68,2.65,2.14,2.04,1.86,2.14,2.0300000000000002,2.77,3.18,3.71,4.5200000000000005,4.0600000000000005,3.92
M.0.EL,TKM,CO2,HISTCR,PRIMAP-hist_v2.3.1,MtCO2,Total CO2 emissions (excl. LULUCF),18.1,18.1,14.9,13.0,16.4,17.7,18.0,18.5,21.0,26.3,27.0,26.400000000000002,27.5,29.8,29.6,31.7,33.8,37.6,39.7,35.6,40.800000000000004,44.300000000000004,47.7,48.6,49.2,50.4,50.4,49.6,54.1,58.9
M.0.EL,TLS,CO2,HISTCR,PRIMAP-hist_v2.3.1,MtCO2,Total CO2 emissions (excl. LULUCF),0.088,0.11,0.124,0.125,0.12,0.121,0.132,0.152,0.183,0.275,0.389,0.28,0.268,0.262,0.519,0.34700000000000003,0.343,0.313,0.31,0.34600000000000003,0.328,0.362,0.622,0.739,0.724,0.684,0.646,0.655,0.582,0.719
M.0.EL,TON,CO2,HISTCR,PRIMAP-hist_v2.3.1,MtCO2,Total CO2 emissions (excl. LULUCF),0.06770000000000001,0.08370000000000001,0.0613,0.0741,0.0805,0.0857,0.0712,0.0932,0.08470000000000001,0.108,0.0955,0.0857,0.098,0.11,0.101,0.10300000000000001,0.114,0.101,0.107,0.117,0.10400000000000001,0.091,0.0943,0.101,0.101,0.107,0.114,0.14,0.14400000000000002,0.201
M.0.EL,TTO,CO2,HISTCR,PRIMAP-hist_v2.3.1,MtCO2,Total CO2 emissions (excl. LULUCF),19.0,19.1,21.0,19.3,20.1,19.6,24.0,24.3,30.2,30.5,32.9,36.5,39.1,43.5,44.9,51.2,58.2,60.9,59.1,60.0,62.9,61.800000000000004,60.300000000000004,59.7,60.800000000000004,59.800000000000004,53.800000000000004,54.5,52.9,52.7
M.0.EL,TUN,CO2,HISTCR,PRIMAP-hist_v2.3.1,MtCO2,Total CO2 emissions (excl. LULUCF),13.3,15.700000000000001,15.3,16.8,16.2,16.0,17.0,17.2,18.3,18.7,20.3,21.0,21.0,21.400000000000002,22.400000000000002,22.8,23.2,24.400000000000002,25.400000000000002,25.400000000000002,28.1,26.7,28.2,28.400000000000002,29.2,30.3,29.8,29.8,25.3,26.5
M.0.EL,TUR,CO2,HISTCR,PRIMAP-hist_v2.3.1,MtCO2,Total CO2 emissions (excl. LULUCF),155.0,159.0,166.0,172.0,170.0,183.0,201.0,214.0,215.0,211.0,232.0,215.0,222.0,238.0,247.0,266.0,285.0,314.0,312.0,317.0,316.0,342.0,356.0,348.0,364.0,384.0,404.0,428.0,422.0,402.0
M.0.EL,TUV,CO2,HISTCR,PRIMAP-hist_v2.3.1,MtCO2,Total CO2 emissions (excl. LULUCF),0.00734,0.00734,0.00734,0.00734,0.00734,0.00734,0.00734,0.00734,0.00735,0.00735,0.00735,0.00735,0.011,0.011,0.011,0.011,0.00735,0.011,0.011,0.011,0.00735,0.00735,0.011,0.011,0.011,0.011,0.011,0.011,0.011300000000000001,0.0159
M.0.EL,TZA,CO2,HISTCR,PRIMAP-hist_v2.3.1,MtCO2,Total CO2 emissions (excl. LULUCF),2.25,2.4,2.31,2.58,2.22,2.5500000000000003,2.67,2.96,2.62,2.59,2.71,3.18,3.64,3.85,4.4,5.6000000000000005,6.0600000000000005,5.87,6.07,5.93,7.1000000000000005,7.94,9.22,10.1,10.1,10.8,11.1,11.5,11.9,12.8
M.0.EL,UGA,CO2,HISTCR,PRIMAP-hist_v2.3.1,MtCO2,Total CO2 emissions (excl. LULUCF),0.8200000000000001,0.841,0.86,0.862,0.775,0.996,1.1,1.1400000000000001,1.28,1.34,1.45,1.51,1.54,1.62,1.72,2.13,2.49,2.86,2.92,3.15,3.74,3.99,3.81,3.95,4.3100000000000005,4.71,5.0,5.42,5.42,5.67
M.0.EL,UKR,CO2,HISTCR,PRIMAP-hist_v2.3.1,MtCO2,Total CO2 emissions (excl. LULUCF),706.0,633.0,589.0,510.0,419.0,390.0,351.0,340.0,329.0,298.0,285.0,304.0,296.0,307.0,310.0,313.0,333.0,336.0,326.0,277.0,294.0,308.0,304.0,297.0,258.0,224.0,234.0,223.0,232.0,223.0
M.0.EL,URY,CO2,HISTCR,PRIMAP-hist_v2.3.1,MtCO2,Total CO2 emissions (excl. LULUCF),4.24,4.82,5.45,4.73,4.33,4.8500000000000005,5.7700000000000005,5.87,6.03,7.04,5.51,5.01,4.45,4.39,5.58,5.73,6.5600000000000005,5.92,8.040000000000001,7.94,6.3,7.62,8.59,7.53,6.74,6.92,6.87,6.47,9.02,9.040000000000001
M.0.EL,USA,CO2,HISTCR,PRIMAP-hist_v2.3.1,MtCO2,Total CO2 emissions (excl. LULUCF),5250.0,5200.0,5310.0,5410.0,5510.0,5570.0,5750.0,5820.0,5860.0,5930.0,6130.0,6030.0,6060.0,6120.0,6220.0,6240.0,6150.0,6230.0,6010.0,5560.0,5760.0,5620.0,5420.0,5550.0,5600.0,5460.0,5330.0,5290.0,5460.0,5330.0
M.0.EL,UZB,CO2,HISTCR,PRIMAP-hist_v2.3.1,MtCO2,Total CO2 emissions (excl. LULUCF),114.0,114.0,107.0,108.0,104.0,104.0,108.0,106.0,103.0,107.0,112.0,112.0,116.0,112.0,109.0,106.0,109.0,108.0,118.0,111.0,106.0,109.0,110.0,104.0,98.5,96.60000000000001,99.60000000000001,99.2,105.0,105.0
M.0.EL,VCT,CO2,HISTCR,PRIMAP-hist_v2.3.1,MtCO2,Total CO2 emissions (excl. LULUCF),0.0828,0.07970000000000001,0.0748,0.08650000000000001,0.0965,0.10300000000000001,0.107,0.108,0.14400000000000002,0.165,0.157,0.188,0.191,0.2,0.219,0.219,0.216,0.259,0.191,0.31,0.219,0.197,0.252,0.209,0.274,0.212,0.252,0.256,0.264,0.273
M.0.EL,VEN,CO2,HISTCR,PRIMAP-hist_v2.3.1,MtCO2,Total CO2 emissions (excl. LULUCF),121.0,114.0,104.0,121.0,125.0,132.0,125.0,137.0,178.0,185.0,156.0,179.0,196.0,195.0,154.0,163.0,164.0,150.0,166.0,168.0,186.0,169.0,196.0,186.0,185.0,168.0,157.0,136.0,119.0,102.0
M.0.EL,VNM,CO2,HISTCR,PRIMAP-hist_v2.3.1,MtCO2,Total CO2 emissions (excl. LULUCF),21.5,21.8,22.3,23.7,28.8,34.0,38.9,43.5,48.800000000000004,54.7,59.300000000000004,68.7,78.0,87.60000000000001,97.9,109.0,116.0,126.0,135.0,145.0,154.0,163.0,172.0,182.0,191.0,211.0,232.0,237.0,283.0,331.0
M.0.EL,VUT,CO2,HISTCR,PRIMAP-hist_v2.3.1,MtCO2,Total CO2 emissions (excl. LULUCF),0.0681,0.06820000000000001,0.0645,0.06459999999999999,0.06459999999999999,0.0684,0.0868,0.0868,0.08320000000000001,0.0869,0.08700000000000001,0.0907,0.0871,0.0872,0.0615,0.0616,0.0506,0.10200000000000001,0.0985,0.124,0.124,0.135,0.117,0.109,0.157,0.135,0.15,0.14300000000000002,0.147,0.20500000000000002
M.0.EL,WSM,CO2,HISTCR,PRIMAP-hist_v2.3.1,MtCO2,Total CO2 emissions (excl. LULUCF),0.10400000000000001,0.108,0.111,0.111,0.115,0.11900000000000001,0.126,0.13,0.133,0.137,0.14400000000000002,0.148,0.148,0.155,0.152,0.163,0.166,0.17400000000000002,0.181,0.188,0.188,0.203,0.199,0.199,0.21,0.23600000000000002,0.247,0.245,0.252,0.353
M.0.EL,YEM,CO2,HISTCR,PRIMAP-hist_v2.3.1,MtCO2,Total CO2 emissions (excl. LULUCF),9.71,9.32,10.1,8.81,10.1,11.3,11.9,13.0,14.0,16.3,17.6,18.5,17.400000000000002,18.900000000000002,19.900000000000002,20.900000000000002,22.2,21.6,22.3,23.900000000000002,22.400000000000002,22.8,23.400000000000002,31.7,30.7,16.4,13.200000000000001,12.700000000000001,20.3,20.6
M.0.EL,ZAF,CO2,HISTCR,PRIMAP-hist_v2.3.1,MtCO2,Total CO2 emissions (excl. LULUCF),274.0,284.0,262.0,279.0,298.0,317.0,321.0,342.0,338.0,336.0,367.0,366.0,379.0,402.0,420.0,414.0,422.0,450.0,450.0,440.0,447.0,461.0,443.0,455.0,485.0,460.0,464.0,472.0,456.0,465.0
M.0.EL,ZMB,CO2,HISTCR,PRIMAP-hist_v2.3.1,MtCO2,Total CO2 emissions (excl. LULUCF),2.49,2.45,2.48,2.5300000000000002,2.44,2.18,1.8800000000000001,2.46,2.32,1.82,1.82,1.93,2.0100000000000002,2.12,2.14,2.29,2.2800000000000002,1.92,2.16,2.46,2.65,2.88,3.6,3.88,4.2700000000000005,4.36,4.73,6.5,7.03,7.09
M.0.EL,ZWE,CO2,HISTCR,PRIMAP-hist_v2.3.1,MtCO2,Total CO2 emissions (excl. LULUCF),15.6,15.9,16.9,15.5,17.400000000000002,17.5,18.7,19.6,21.2,26.3,25.3,21.7,19.6,16.3,13.4,13.6,11.4,10.8,8.41,5.98,8.620000000000001,10.4,8.44,12.5,12.9,13.0,11.700000000000001,11.3,11.9,11.9
