category,country,scenario,source,unit,variable,1990,1991,1992,1993,1994,1995,1996,1997,1998,1999,2000,2001,2002,2003,2004,2005,2006,2007,2008,2009,2010,2011,2012,2013,2014,2015,2016,2017,2018,2019
M.0.EL,AFG,HISTCR,PRIMAP-hist_v2.3.1,Gg CO2 / yr,CO2-total-excl-LU,2810.0,2640.0,1590.0,1520.0,1440.0,1370.0,1290.0,1210.0,1150.0,935.0,921.0,964.0,1240.0,1380.0,1080.0,1500.0,1840.0,2470.0,4420.0,6970.0,8650.0,12400.0,10500.0,8830.0,8140.0,8230.0,7100.0,6860.0,7060.0,9780.0
M.0.EL,AGO,HISTCR,PRIMAP-hist_v2.3.1,Gg CO2 / yr,CO2-total-excl-LU,10800.0,11200.0,11600.0,12000.0,9620.0,18600.0,19600.0,16600.0,17200.0,18100.0,16700.0,16600.0,16700.0,18400.0,16600.0,15800.0,17500.0,18000.0,19200.0,21100.0,23500.0,24700.0,26500.0,26300.0,38000.0,29100.0,30300.0,29600.0,27600.0,27000.0
M.0.EL,ALB,HISTCR,PRIMAP-hist_v2.3.1,Gg CO2 / yr,CO2-total-excl-LU,4270.0,6050.0,4030.0,3920.0,4200.0,4080.0,3990.0,4150.0,4890.0,5230.0,3550.0,4270.0,4380.0,4700.0,5040.0,4540.0,5030.0,5480.0,5610.0,6010.0,5900.0,6660.0,6390.0,6590.0,7300.0,6220.0,6210.0,7160.0,6670.0,7090.0
M.0.EL,AND,HISTCR,PRIMAP-hist_v2.3.1,Gg CO2 / yr,CO2-total-excl-LU,409.0,417.0,426.0,436.0,439.0,466.0,496.0,508.0,534.0,557.0,568.0,568.0,574.0,577.0,601.0,616.0,584.0,579.0,579.0,554.0,556.0,525.0,523.0,512.0,497.0,497.0,504.0,506.0,494.0,470.0
M.0.EL,ARE,HISTCR,PRIMAP-hist_v2.3.1,Gg CO2 / yr,CO2-total-excl-LU,47000.0,52700.0,53300.0,61000.0,67400.0,66400.0,69700.0,68600.0,75900.0,74300.0,106000.0,102000.0,91000.0,118000.0,130000.0,140000.0,141000.0,147000.0,164000.0,168000.0,154000.0,162000.0,199000.0,197000.0,191000.0,211000.0,203000.0,171000.0,170000.0,170000.0
M.0.EL,ARG,HISTCR,PRIMAP-hist_v2.3.1,Gg CO2 / yr,CO2-total-excl-LU,102000.0,106000.0,110000.0,109000.0,115000.0,117000.0,132000.0,133000.0,141000.0,143000.0,139000.0,135000.0,128000.0,138000.0,151000.0,156000.0,165000.0,180000.0,186000.0,171000.0,187000.0,197000.0,198000.0,202000.0,199000.0,204000.0,202000.0,202000.0,201000.0,188000.0
M.0.EL,ARM,HISTCR,PRIMAP-hist_v2.3.1,Gg CO2 / yr,CO2-total-excl-LU,21800.0,20300.0,26600.0,10500.0,10200.0,11300.0,7670.0,7960.0,6670.0,4700.0,3340.0,3400.0,3000.0,3360.0,3620.0,4290.0,4340.0,5130.0,5750.0,4680.0,4660.0,5450.0,6310.0,5960.0,5990.0,5470.0,5590.0,5980.0,7400.0,7000.0
M.0.EL,ATG,HISTCR,PRIMAP-hist_v2.3.1,Gg CO2 / yr,CO2-total-excl-LU,222.0,215.0,212.0,219.0,219.0,226.0,241.0,259.0,274.0,285.0,296.0,300.0,333.0,355.0,369.0,377.0,388.0,410.0,421.0,447.0,458.0,447.0,461.0,465.0,465.0,483.0,494.0,503.0,518.0,537.0
M.0.EL,AUS,HISTCR,PRIMAP-hist_v2.3.1,Gg CO2 / yr,CO2-total-excl-LU,278000.0,280000.0,285000.0,289000.0,294000.0,305000.0,312000.0,320000.0,334000.0,344000.0,350000.0,357000.0,362000.0,369000.0,383000.0,386000.0,393000.0,400000.0,404000.0,407000.0,405000.0,404000.0,406000.0,398000.0,394000.0,402000.0,411000.0,415000.0,416000.0,417000.0
M.0.EL,AUT,HISTCR,PRIMAP-hist_v2.3.1,Gg CO2 / yr,CO2-total-excl-LU,62600.0,66100.0,60600.0,61000.0,61300.0,64300.0,67800.0,67800.0,67500.0,66000.0,66400.0,70500.0,72300.0,77800.0,78000.0,79400.0,77100.0,74400.0,73700.0,67600.0,72300.0,70100.0,67500.0,67900.0,64400.0,66600.0,67500.0,69800.0,66800.0,68200.0
M.0.EL,AZE,HISTCR,PRIMAP-hist_v2.3.1,Gg CO2 / yr,CO2-total-excl-LU,56300.0,52300.0,44900.0,39400.0,34600.0,36900.0,30200.0,29300.0,28900.0,28500.0,29800.0,28900.0,28800.0,31800.0,34100.0,36900.0,35900.0,30900.0,34900.0,28900.0,28000.0,29700.0,31400.0,35000.0,35800.0,36300.0,36300.0,35200.0,37000.0,39100.0
M.0.EL,BDI,HISTCR,PRIMAP-hist_v2.3.1,Gg CO2 / yr,CO2-total-excl-LU,136.0,154.0,142.0,152.0,154.0,155.0,159.0,164.0,164.0,174.0,196.0,163.0,177.0,147.0,192.0,166.0,173.0,175.0,166.0,137.0,200.0,220.0,219.0,216.0,198.0,195.0,219.0,270.0,286.0,287.0
M.0.EL,BEL,HISTCR,PRIMAP-hist_v2.3.1,Gg CO2 / yr,CO2-total-excl-LU,120000.0,123000.0,123000.0,121000.0,125000.0,126000.0,129000.0,124000.0,130000.0,125000.0,127000.0,126000.0,127000.0,128000.0,129000.0,126000.0,124000.0,120000.0,120000.0,108000.0,115000.0,105000.0,102000.0,103000.0,96900.0,101000.0,99900.0,99400.0,100000.0,99700.0
M.0.EL,BEN,HISTCR,PRIMAP-hist_v2.3.1,Gg CO2 / yr,CO2-total-excl-LU,661.0,765.0,821.0,993.0,1130.0,1160.0,1190.0,1240.0,1160.0,1510.0,1520.0,1740.0,2160.0,2450.0,2650.0,2550.0,3410.0,3990.0,3980.0,4280.0,4740.0,4620.0,4400.0,4600.0,4950.0,5650.0,6310.0,6980.0,7030.0,7140.0
M.0.EL,BFA,HISTCR,PRIMAP-hist_v2.3.1,Gg CO2 / yr,CO2-total-excl-LU,628.0,674.0,678.0,676.0,697.0,677.0,759.0,865.0,918.0,977.0,1090.0,1050.0,1060.0,1140.0,1170.0,1190.0,1430.0,1660.0,1810.0,1900.0,2110.0,2210.0,2700.0,2950.0,2990.0,3380.0,3460.0,4020.0,3730.0,3800.0
M.0.EL,BGD,HISTCR,PRIMAP-hist_v2.3.1,Gg CO2 / yr,CO2-total-excl-LU,13800.0,14400.0,15200.0,15900.0,17300.0,21500.0,22700.0,24600.0,25300.0,27800.0,29500.0,34400.0,35500.0,37400.0,40100.0,42200.0,46100.0,47300.0,49900.0,53100.0,57500.0,60000.0,64300.0,65100.0,69700.0,76700.0,79700.0,83500.0,89600.0,100000.0
M.0.EL,BGR,HISTCR,PRIMAP-hist_v2.3.1,Gg CO2 / yr,CO2-total-excl-LU,76700.0,61500.0,57400.0,58400.0,56400.0,58000.0,58500.0,55900.0,53200.0,46400.0,45500.0,49000.0,46200.0,50500.0,49600.0,50700.0,51900.0,55700.0,54100.0,45800.0,47900.0,53200.0,48300.0,42700.0,45200.0,48300.0,45500.0,47600.0,43600.0,42200.0
M.0.EL,BHR,HISTCR,PRIMAP-hist_v2.3.1,Gg CO2 / yr,CO2-total-excl-LU,13700.0,13100.0,12200.0,16300.0,16400.0,16500.0,17200.0,19100.0,20100.0,19900.0,20700.0,16100.0,17900.0,18700.0,20000.0,22500.0,22400.0,29600.0,32700.0,31000.0,31900.0,31600.0,30300.0,34300.0,34200.0,35700.0,34700.0,36100.0,29100.0,29900.0
M.0.EL,BHS,HISTCR,PRIMAP-hist_v2.3.1,Gg CO2 / yr,CO2-total-excl-LU,1860.0,1860.0,1860.0,1770.0,1760.0,1750.0,1740.0,1540.0,1930.0,1970.0,1960.0,1880.0,1940.0,1980.0,1990.0,1840.0,1790.0,1810.0,2380.0,1620.0,2400.0,1820.0,1920.0,2900.0,2380.0,2050.0,1810.0,1990.0,2050.0,2120.0
M.0.EL,BIH,HISTCR,PRIMAP-hist_v2.3.1,Gg CO2 / yr,CO2-total-excl-LU,26600.0,23800.0,7270.0,2750.0,3050.0,2600.0,4560.0,7090.0,11200.0,11800.0,13400.0,13900.0,14800.0,14700.0,15900.0,16500.0,17500.0,17500.0,19800.0,19700.0,20500.0,22300.0,20600.0,20200.0,18200.0,17400.0,19900.0,20200.0,20100.0,21700.0
M.0.EL,BLR,HISTCR,PRIMAP-hist_v2.3.1,Gg CO2 / yr,CO2-total-excl-LU,104000.0,97100.0,89200.0,76800.0,62800.0,57700.0,58600.0,59200.0,57600.0,55100.0,54900.0,54900.0,54700.0,56300.0,60000.0,61300.0,64100.0,63500.0,65600.0,61200.0,63000.0,61800.0,62900.0,63400.0,62700.0,58200.0,60000.0,60300.0,61100.0,61200.0
M.0.EL,BLZ,HISTCR,PRIMAP-hist_v2.3.1,Gg CO2 / yr,CO2-total-excl-LU,315.0,412.0,360.0,382.0,378.0,382.0,312.0,394.0,373.0,352.0,399.0,451.0,436.0,440.0,400.0,430.0,452.0,484.0,443.0,523.0,539.0,564.0,454.0,480.0,469.0,645.0,612.0,619.0,622.0,696.0
M.0.EL,BOL,HISTCR,PRIMAP-hist_v2.3.1,Gg CO2 / yr,CO2-total-excl-LU,5450.0,5780.0,6450.0,7030.0,8220.0,8820.0,8950.0,9190.0,9020.0,7980.0,7880.0,7090.0,9110.0,9790.0,9820.0,10900.0,13600.0,11200.0,11900.0,12400.0,13500.0,14700.0,16600.0,16900.0,18100.0,17900.0,19100.0,20100.0,19800.0,19800.0
M.0.EL,BRA,HISTCR,PRIMAP-hist_v2.3.1,Gg CO2 / yr,CO2-total-excl-LU,225000.0,238000.0,239000.0,250000.0,261000.0,279000.0,300000.0,319000.0,329000.0,340000.0,358000.0,362000.0,361000.0,362000.0,376000.0,383000.0,386000.0,406000.0,426000.0,404000.0,452000.0,471000.0,504000.0,539000.0,565000.0,537000.0,499000.0,505000.0,491000.0,495000.0
M.0.EL,BRB,HISTCR,PRIMAP-hist_v2.3.1,Gg CO2 / yr,CO2-total-excl-LU,1570.0,1970.0,1880.0,2610.0,1920.0,2110.0,2120.0,2220.0,2720.0,2880.0,2850.0,2930.0,2960.0,3070.0,3130.0,3250.0,3310.0,3380.0,4000.0,3990.0,3650.0,3790.0,3660.0,3600.0,3150.0,3160.0,3220.0,2930.0,3020.0,3120.0
M.0.EL,BRN,HISTCR,PRIMAP-hist_v2.3.1,Gg CO2 / yr,CO2-total-excl-LU,6180.0,4390.0,4340.0,4540.0,4160.0,3970.0,4180.0,4400.0,4720.0,3510.0,4220.0,4250.0,3880.0,4080.0,4480.0,4570.0,4580.0,8150.0,9260.0,7820.0,8080.0,9630.0,9560.0,7680.0,8890.0,6990.0,7730.0,9380.0,9450.0,13200.0
M.0.EL,BTN,HISTCR,PRIMAP-hist_v2.3.1,Gg CO2 / yr,CO2-total-excl-LU,127.0,169.0,188.0,164.0,233.0,360.0,397.0,484.0,495.0,500.0,503.0,484.0,510.0,460.0,393.0,455.0,449.0,449.0,512.0,720.0,845.0,1120.0,1170.0,1270.0,1370.0,1490.0,1700.0,1840.0,1870.0,1950.0
M.0.EL,BWA,HISTCR,PRIMAP-hist_v2.3.1,Gg CO2 / yr,CO2-total-excl-LU,2710.0,2650.0,2800.0,3220.0,3060.0,3120.0,2860.0,2940.0,3530.0,3370.0,4060.0,4210.0,4430.0,4340.0,4490.0,4790.0,4910.0,5080.0,5470.0,4650.0,5520.0,4970.0,6320.0,7110.0,8680.0,6930.0,8080.0,9000.0,9260.0,8720.0
M.0.EL,CAF,HISTCR,PRIMAP-hist_v2.3.1,Gg CO2 / yr,CO2-total-excl-LU,194.0,201.0,212.0,219.0,229.0,226.0,223.0,229.0,229.0,238.0,237.0,216.0,212.0,200.0,214.0,228.0,236.0,253.0,257.0,255.0,274.0,282.0,295.0,289.0,292.0,295.0,299.0,279.0,289.0,265.0
M.0.EL,CAN,HISTCR,PRIMAP-hist_v2.3.1,Gg CO2 / yr,CO2-total-excl-LU,459000.0,451000.0,464000.0,465000.0,479000.0,491000.0,508000.0,522000.0,530000.0,545000.0,568000.0,560000.0,566000.0,583000.0,582000.0,577000.0,573000.0,596000.0,581000.0,548000.0,561000.0,571000.0,571000.0,575000.0,572000.0,574000.0,560000.0,570000.0,580000.0,583000.0
M.0.EL,CHE,HISTCR,PRIMAP-hist_v2.3.1,Gg CO2 / yr,CO2-total-excl-LU,44200.0,46100.0,46000.0,43600.0,42700.0,43400.0,44100.0,43000.0,44600.0,44400.0,43600.0,45100.0,43500.0,44700.0,45200.0,45800.0,45400.0,43400.0,44700.0,43500.0,45100.0,41000.0,42300.0,43200.0,39200.0,38700.0,39200.0,38200.0,36900.0,36700.0
M.0.EL,CHL,HISTCR,PRIMAP-hist_v2.3.1,Gg CO2 / yr,CO2-total-excl-LU,32400.0,30700.0,32000.0,34100.0,36700.0,40100.0,46000.0,52900.0,53900.0,56600.0,53600.0,51100.0,52100.0,53100.0,58000.0,58700.0,60500.0,69400.0,70700.0,67500.0,67300.0,76000.0,81400.0,80300.0,76800.0,83100.0,86500.0,87000.0,87200.0,88700.0
M.0.EL,CHN,HISTCR,PRIMAP-hist_v2.3.1,Gg CO2 / yr,CO2-total-excl-LU,2530000.0,2660000.0,2770000.0,2960000.0,3170000.0,3410000.0,3540000.0,3570000.0,3400000.0,3400000.0,3520000.0,3600000.0,3970000.0,4680000.0,5370000.0,6030000.0,6690000.0,7210000.0,7720000.0,8140000.0,8900000.0,9820000.0,10100000.0,10400000.0,10500000.0,10400000.0,10300000.0,10500000.0,10800000.0,11000000.0
M.0.EL,CIV,HISTCR,PRIMAP-hist_v2.3.1,Gg CO2 / yr,CO2-total-excl-LU,4880.0,4420.0,3960.0,5210.0,4260.0,6400.0,7720.0,7450.0,7000.0,6350.0,6900.0,7930.0,7780.0,5630.0,7770.0,7950.0,7350.0,7160.0,7250.0,6150.0,6740.0,7140.0,9190.0,10300.0,10600.0,10200.0,12700.0,12800.0,13000.0,13300.0
M.0.EL,CMR,HISTCR,PRIMAP-hist_v2.3.1,Gg CO2 / yr,CO2-total-excl-LU,2520.0,2100.0,4600.0,5020.0,5220.0,5730.0,6360.0,5810.0,5730.0,5620.0,5970.0,5960.0,5710.0,6100.0,6090.0,5770.0,5830.0,7780.0,7710.0,8940.0,8930.0,8510.0,8070.0,7260.0,9160.0,10400.0,11000.0,10300.0,10600.0,9870.0
M.0.EL,COD,HISTCR,PRIMAP-hist_v2.3.1,Gg CO2 / yr,CO2-total-excl-LU,3790.0,2860.0,2600.0,2480.0,2720.0,2870.0,3250.0,3510.0,3580.0,3610.0,3680.0,3910.0,3770.0,3980.0,3860.0,3860.0,3840.0,4240.0,4440.0,4090.0,4570.0,5460.0,5040.0,7230.0,9380.0,5860.0,4420.0,5070.0,6410.0,5900.0
M.0.EL,COG,HISTCR,PRIMAP-hist_v2.3.1,Gg CO2 / yr,CO2-total-excl-LU,2730.0,2810.0,3020.0,2890.0,3500.0,3360.0,4200.0,5010.0,4080.0,4190.0,4600.0,4560.0,2960.0,3750.0,3820.0,4480.0,4910.0,4370.0,4370.0,5060.0,5430.0,5010.0,5170.0,6070.0,5640.0,5820.0,5990.0,5630.0,6240.0,5190.0
M.0.EL,COK,HISTCR,PRIMAP-hist_v2.3.1,Gg CO2 / yr,CO2-total-excl-LU,36.7,36.7,36.7,40.4,40.4,40.4,47.7,47.7,47.7,47.7,47.8,33.1,22.0,29.4,47.7,55.1,47.8,47.8,47.7,44.1,51.4,58.7,62.4,62.4,66.1,62.4,62.5,69.8,71.7,101.0
M.0.EL,COL,HISTCR,PRIMAP-hist_v2.3.1,Gg CO2 / yr,CO2-total-excl-LU,46600.0,49100.0,52900.0,54500.0,54900.0,56600.0,56900.0,61300.0,60800.0,55000.0,57400.0,55000.0,54300.0,56100.0,57100.0,60400.0,68000.0,67600.0,65400.0,71200.0,69600.0,66800.0,71000.0,79400.0,80700.0,76200.0,88900.0,81000.0,82700.0,88100.0
M.0.EL,COM,HISTCR,PRIMAP-hist_v2.3.1,Gg CO2 / yr,CO2-total-excl-LU,63.8,67.5,67.5,71.2,71.3,75.0,78.7,82.4,89.8,93.5,105.0,105.0,105.0,134.0,145.0,142.0,164.0,105.0,109.0,134.0,164.0,138.0,146.0,179.0,157.0,171.0,204.0,241.0,253.0,222.0
M.0.EL,CPV,HISTCR,PRIMAP-hist_v2.3.1,Gg CO2 / yr,CO2-total-excl-LU,96.5,100.0,108.0,111.0,115.0,122.0,144.0,148.0,159.0,185.0,218.0,237.0,277.0,310.0,332.0,442.0,476.0,509.0,472.0,523.0,560.0,620.0,506.0,499.0,491.0,495.0,542.0,582.0,747.0,760.0
M.0.EL,CRI,HISTCR,PRIMAP-hist_v2.3.1,Gg CO2 / yr,CO2-total-excl-LU,2820.0,3210.0,3650.0,3840.0,5120.0,4750.0,4690.0,4890.0,5180.0,5310.0,5250.0,5420.0,5910.0,6180.0,6320.0,6090.0,6520.0,7210.0,7290.0,7080.0,6950.0,6780.0,6710.0,7020.0,7160.0,6840.0,7320.0,7660.0,8240.0,9160.0
M.0.EL,CUB,HISTCR,PRIMAP-hist_v2.3.1,Gg CO2 / yr,CO2-total-excl-LU,34700.0,30500.0,22100.0,21000.0,22500.0,26700.0,28000.0,25700.0,25400.0,26200.0,26900.0,25200.0,25100.0,24400.0,23900.0,24900.0,25400.0,24900.0,26700.0,26900.0,32200.0,27800.0,28100.0,26500.0,26000.0,27500.0,26400.0,23700.0,24500.0,25400.0
M.0.EL,CYP,HISTCR,PRIMAP-hist_v2.3.1,Gg CO2 / yr,CO2-total-excl-LU,4690.0,5190.0,5550.0,5790.0,6020.0,5890.0,6230.0,6310.0,6610.0,6870.0,7120.0,6990.0,7180.0,7570.0,7800.0,7960.0,8180.0,8500.0,8710.0,8470.0,8100.0,7790.0,7260.0,6580.0,6950.0,6970.0,7370.0,7520.0,7340.0,7340.0
M.0.EL,CZE,HISTCR,PRIMAP-hist_v2.3.1,Gg CO2 / yr,CO2-total-excl-LU,164000.0,149000.0,145000.0,139000.0,132000.0,132000.0,135000.0,131000.0,125000.0,117000.0,127000.0,127000.0,124000.0,127000.0,128000.0,126000.0,126000.0,128000.0,123000.0,115000.0,118000.0,115000.0,111000.0,107000.0,104000.0,105000.0,107000.0,108000.0,106000.0,101000.0
M.0.EL,DEU,HISTCR,PRIMAP-hist_v2.3.1,Gg CO2 / yr,CO2-total-excl-LU,1050000.0,1010000.0,966000.0,956000.0,940000.0,939000.0,959000.0,932000.0,924000.0,896000.0,900000.0,917000.0,900000.0,901000.0,887000.0,867000.0,879000.0,852000.0,855000.0,790000.0,833000.0,809000.0,814000.0,832000.0,793000.0,796000.0,801000.0,786000.0,754000.0,712000.0
M.0.EL,DJI,HISTCR,PRIMAP-hist_v2.3.1,Gg CO2 / yr,CO2-total-excl-LU,326.0,342.0,341.0,341.0,333.0,333.0,337.0,352.0,344.0,345.0,369.0,369.0,402.0,423.0,410.0,417.0,413.0,465.0,501.0,461.0,520.0,476.0,483.0,561.0,377.0,450.0,402.0,392.0,409.0,412.0
M.0.EL,DMA,HISTCR,PRIMAP-hist_v2.3.1,Gg CO2 / yr,CO2-total-excl-LU,69.4,69.5,69.5,91.5,102.0,117.0,112.0,117.0,84.7,114.0,136.0,145.0,137.0,136.0,135.0,142.0,146.0,149.0,144.0,151.0,153.0,161.0,164.0,166.0,172.0,175.0,175.0,161.0,166.0,167.0
M.0.EL,DNK,HISTCR,PRIMAP-hist_v2.3.1,Gg CO2 / yr,CO2-total-excl-LU,54900.0,65500.0,59600.0,61700.0,65700.0,62700.0,76000.0,66600.0,62400.0,59900.0,55600.0,57300.0,56900.0,62100.0,56500.0,53000.0,60900.0,56100.0,52600.0,50200.0,50700.0,45700.0,41200.0,43100.0,38900.0,36500.0,38300.0,36200.0,36300.0,32500.0
M.0.EL,DOM,HISTCR,PRIMAP-hist_v2.3.1,Gg CO2 / yr,CO2-total-excl-LU,8890.0,10500.0,12100.0,13700.0,15100.0,17700.0,17700.0,17000.0,16200.0,16600.0,18000.0,17500.0,18500.0,18000.0,14300.0,13800.0,14100.0,14200.0,13900.0,12900.0,12800.0,13200.0,13300.0,13100.0,13600.0,14700.0,15300.0,15200.0,15600.0,16000.0
M.0.EL,DZA,HISTCR,PRIMAP-hist_v2.3.1,Gg CO2 / yr,CO2-total-excl-LU,82100.0,84900.0,88000.0,89600.0,93500.0,102000.0,104000.0,92300.0,110000.0,95600.0,95100.0,90900.0,95500.0,100000.0,96400.0,116000.0,111000.0,114000.0,116000.0,123000.0,122000.0,126000.0,140000.0,144000.0,157000.0,166000.0,167000.0,170000.0,179000.0,184000.0
M.0.EL,ECU,HISTCR,PRIMAP-hist_v2.3.1,Gg CO2 / yr,CO2-total-excl-LU,18300.0,17700.0,23500.0,25800.0,15200.0,24400.0,26300.0,20400.0,24000.0,22900.0,21700.0,24300.0,25700.0,28000.0,30200.0,31500.0,30500.0,35300.0,31400.0,34700.0,37400.0,39800.0,38300.0,40600.0,44800.0,42500.0,41500.0,41200.0,43700.0,42500.0
M.0.EL,EGY,HISTCR,PRIMAP-hist_v2.3.1,Gg CO2 / yr,CO2-total-excl-LU,87800.0,87200.0,87200.0,97500.0,87600.0,96300.0,93200.0,104000.0,114000.0,115000.0,127000.0,120000.0,125000.0,147000.0,153000.0,173000.0,184000.0,193000.0,204000.0,211000.0,211000.0,225000.0,222000.0,219000.0,234000.0,231000.0,244000.0,262000.0,263000.0,261000.0
M.0.EL,ERI,HISTCR,PRIMAP-hist_v2.3.1,Gg CO2 / yr,CO2-total-excl-LU,686.0,632.0,636.0,690.0,709.0,776.0,852.0,762.0,600.0,639.0,610.0,588.0,564.0,666.0,717.0,717.0,513.0,525.0,382.0,467.0,467.0,528.0,585.0,604.0,613.0,615.0,622.0,654.0,712.0,717.0
M.0.EL,ESP,HISTCR,PRIMAP-hist_v2.3.1,Gg CO2 / yr,CO2-total-excl-LU,231000.0,241000.0,250000.0,241000.0,254000.0,267000.0,255000.0,267000.0,276000.0,300000.0,311000.0,313000.0,333000.0,338000.0,355000.0,370000.0,361000.0,369000.0,337000.0,297000.0,284000.0,285000.0,279000.0,253000.0,255000.0,272000.0,261000.0,275000.0,270000.0,252000.0
M.0.EL,EST,HISTCR,PRIMAP-hist_v2.3.1,Gg CO2 / yr,CO2-total-excl-LU,38800.0,34900.0,25800.0,20800.0,21700.0,20000.0,20900.0,20400.0,18200.0,16900.0,17000.0,17500.0,16800.0,18800.0,19100.0,19000.0,18500.0,21800.0,19900.0,17100.0,22000.0,22200.0,21100.0,23100.0,22600.0,19800.0,21500.0,22900.0,22300.0,17000.0
M.0.EL,ETH,HISTCR,PRIMAP-hist_v2.3.1,Gg CO2 / yr,CO2-total-excl-LU,2450.0,2010.0,2150.0,2460.0,2450.0,2340.0,2590.0,3000.0,3120.0,3290.0,3570.0,4410.0,4600.0,5110.0,5440.0,6760.0,6540.0,9260.0,8550.0,9240.0,11400.0,9830.0,10000.0,11400.0,13900.0,14300.0,16200.0,18100.0,19100.0,19200.0
M.0.EL,FIN,HISTCR,PRIMAP-hist_v2.3.1,Gg CO2 / yr,CO2-total-excl-LU,57100.0,55400.0,54500.0,56600.0,62200.0,59100.0,64500.0,63100.0,59700.0,59300.0,57300.0,62800.0,65400.0,72900.0,69200.0,57300.0,68700.0,67000.0,58900.0,56200.0,64400.0,56900.0,51400.0,51900.0,47800.0,44300.0,47400.0,44800.0,46000.0,42700.0
M.0.EL,FJI,HISTCR,PRIMAP-hist_v2.3.1,Gg CO2 / yr,CO2-total-excl-LU,813.0,673.0,749.0,751.0,749.0,767.0,827.0,799.0,770.0,786.0,841.0,1060.0,892.0,1050.0,1360.0,1100.0,1220.0,1160.0,902.0,794.0,1220.0,1080.0,1060.0,1330.0,1640.0,2150.0,2040.0,1930.0,1980.0,2750.0
M.0.EL,FRA,HISTCR,PRIMAP-hist_v2.3.1,Gg CO2 / yr,CO2-total-excl-LU,402000.0,427000.0,417000.0,398000.0,391000.0,398000.0,414000.0,407000.0,425000.0,423000.0,417000.0,424000.0,421000.0,425000.0,427000.0,430000.0,420000.0,411000.0,404000.0,384000.0,393000.0,370000.0,373000.0,374000.0,343000.0,347000.0,352000.0,355000.0,341000.0,334000.0
M.0.EL,FSM,HISTCR,PRIMAP-hist_v2.3.1,Gg CO2 / yr,CO2-total-excl-LU,93.2,97.8,103.0,103.0,106.0,114.0,114.0,121.0,121.0,125.0,128.0,143.0,136.0,147.0,143.0,121.0,121.0,132.0,110.0,147.0,103.0,117.0,125.0,136.0,136.0,143.0,143.0,143.0,147.0,207.0
M.0.EL,GAB,HISTCR,PRIMAP-hist_v2.3.1,Gg CO2 / yr,CO2-total-excl-LU,6310.0,4940.0,5090.0,5160.0,4790.0,5480.0,6180.0,5800.0,6750.0,6360.0,6410.0,6770.0,6520.0,7380.0,6680.0,6330.0,5650.0,5130.0,5470.0,5400.0,5890.0,5750.0,5810.0,6100.0,6550.0,6670.0,6750.0,6140.0,5950.0,5320.0
M.0.EL,GBR,HISTCR,PRIMAP-hist_v2.3.1,Gg CO2 / yr,CO2-total-excl-LU,601000.0,609000.0,594000.0,579000.0,575000.0,567000.0,589000.0,563000.0,568000.0,562000.0,568000.0,577000.0,561000.0,572000.0,574000.0,571000.0,568000.0,560000.0,545000.0,495000.0,512000.0,470000.0,488000.0,478000.0,439000.0,423000.0,400000.0,388000.0,383000.0,370000.0
M.0.EL,GEO,HISTCR,PRIMAP-hist_v2.3.1,Gg CO2 / yr,CO2-total-excl-LU,34000.0,30700.0,19800.0,11900.0,7710.0,5540.0,8350.0,9070.0,7640.0,6250.0,4800.0,5030.0,4890.0,5200.0,6180.0,6440.0,7690.0,8670.0,8630.0,8180.0,8320.0,10900.0,11600.0,11300.0,12000.0,12600.0,12800.0,12900.0,11400.0,12200.0
M.0.EL,GHA,HISTCR,PRIMAP-hist_v2.3.1,Gg CO2 / yr,CO2-total-excl-LU,2950.0,2470.0,2990.0,3220.0,3340.0,3660.0,3950.0,4080.0,4470.0,5040.0,6410.0,5700.0,6100.0,6550.0,5980.0,6590.0,8060.0,7800.0,7260.0,6030.0,7790.0,9330.0,11100.0,11100.0,11700.0,13000.0,13300.0,11400.0,14400.0,14700.0
M.0.EL,GIN,HISTCR,PRIMAP-hist_v2.3.1,Gg CO2 / yr,CO2-total-excl-LU,1040.0,1060.0,1090.0,1120.0,1160.0,1200.0,1280.0,1330.0,1410.0,1480.0,1540.0,1610.0,1670.0,1750.0,1810.0,1870.0,1940.0,2020.0,2050.0,2160.0,2540.0,2650.0,2480.0,2170.0,2220.0,2510.0,2800.0,2940.0,3450.0,3510.0
M.0.EL,GMB,HISTCR,PRIMAP-hist_v2.3.1,Gg CO2 / yr,CO2-total-excl-LU,204.0,204.0,204.0,216.0,216.0,223.0,227.0,231.0,250.0,283.0,283.0,309.0,309.0,309.0,332.0,336.0,362.0,362.0,376.0,388.0,439.0,458.0,461.0,439.0,520.0,531.0,538.0,545.0,660.0,671.0
M.0.EL,GNB,HISTCR,PRIMAP-hist_v2.3.1,Gg CO2 / yr,CO2-total-excl-LU,177.0,181.0,185.0,189.0,189.0,189.0,189.0,208.0,179.0,201.0,153.0,157.0,161.0,201.0,209.0,220.0,224.0,239.0,236.0,243.0,247.0,254.0,262.0,266.0,280.0,288.0,302.0,302.0,376.0,383.0
M.0.EL,GNQ,HISTCR,PRIMAP-hist_v2.3.1,Gg CO2 / yr,CO2-total-excl-LU,64.3,68.0,68.3,72.3,1210.0,1290.0,1420.0,2070.0,2380.0,2630.0,2770.0,5290.0,5460.0,6270.0,7770.0,8800.0,8670.0,7930.0,9050.0,8440.0,8650.0,9530.0,8740.0,8500.0,8020.0,6980.0,6570.0,6030.0,7810.0,7190.0
M.0.EL,GRC,HISTCR,PRIMAP-hist_v2.3.1,Gg CO2 / yr,CO2-total-excl-LU,83600.0,83500.0,85100.0,84500.0,86600.0,87100.0,89200.0,93900.0,98700.0,98000.0,103000.0,105000.0,105000.0,109000.0,110000.0,114000.0,113000.0,115000.0,111000.0,104000.0,97400.0,94600.0,91400.0,81700.0,78700.0,75000.0,71400.0,74900.0,71800.0,65700.0
M.0.EL,GRD,HISTCR,PRIMAP-hist_v2.3.1,Gg CO2 / yr,CO2-total-excl-LU,107.0,111.0,118.0,122.0,144.0,151.0,155.0,170.0,177.0,195.0,192.0,195.0,206.0,217.0,206.0,217.0,232.0,239.0,254.0,254.0,261.0,254.0,272.0,305.0,236.0,261.0,269.0,284.0,293.0,304.0
M.0.EL,GTM,HISTCR,PRIMAP-hist_v2.3.1,Gg CO2 / yr,CO2-total-excl-LU,4460.0,5590.0,7520.0,7890.0,10400.0,10200.0,8970.0,9660.0,10600.0,10300.0,10800.0,11200.0,11600.0,11200.0,11900.0,12800.0,12900.0,12900.0,11600.0,11900.0,11900.0,12100.0,12500.0,13700.0,14800.0,16600.0,17600.0,18600.0,16700.0,18500.0
M.0.EL,GUY,HISTCR,PRIMAP-hist_v2.3.1,Gg CO2 / yr,CO2-total-excl-LU,1440.0,1450.0,1450.0,1450.0,1450.0,1470.0,1540.0,1690.0,1780.0,1730.0,1700.0,2100.0,1670.0,1670.0,1670.0,1400.0,1310.0,1540.0,1470.0,1650.0,1630.0,1690.0,1690.0,1640.0,1700.0,1730.0,2040.0,2020.0,2240.0,2240.0
M.0.EL,HND,HISTCR,PRIMAP-hist_v2.3.1,Gg CO2 / yr,CO2-total-excl-LU,2890.0,2930.0,3180.0,3350.0,3670.0,4350.0,4210.0,4110.0,4490.0,4170.0,4270.0,4990.0,5340.0,6180.0,6860.0,7300.0,6640.0,8260.0,8200.0,7790.0,7750.0,8450.0,8870.0,9060.0,9130.0,9920.0,9430.0,9770.0,10300.0,11400.0
M.0.EL,HRV,HISTCR,PRIMAP-hist_v2.3.1,Gg CO2 / yr,CO2-total-excl-LU,23200.0,17200.0,16500.0,16900.0,16100.0,16800.0,17400.0,18600.0,19000.0,20000.0,19700.0,20800.0,21900.0,23200.0,22900.0,23400.0,23600.0,24900.0,23600.0,21800.0,21000.0,20700.0,19100.0,18400.0,17700.0,17800.0,18100.0,18700.0,17700.0,17800.0
M.0.EL,HTI,HISTCR,PRIMAP-hist_v2.3.1,Gg CO2 / yr,CO2-total-excl-LU,612.0,613.0,556.0,422.0,211.0,946.0,1070.0,1340.0,1370.0,1570.0,1470.0,1690.0,1960.0,1860.0,2130.0,2230.0,2270.0,2570.0,2570.0,2430.0,2280.0,2280.0,2390.0,2500.0,3030.0,3470.0,3510.0,3550.0,3660.0,3790.0
M.0.EL,HUN,HISTCR,PRIMAP-hist_v2.3.1,Gg CO2 / yr,CO2-total-excl-LU,73200.0,69700.0,62100.0,63400.0,61800.0,61400.0,63000.0,61600.0,61200.0,61700.0,58400.0,60000.0,59000.0,61800.0,60100.0,60300.0,59600.0,58600.0,57200.0,51500.0,52100.0,50200.0,46800.0,43600.0,43700.0,46600.0,47100.0,49500.0,49400.0,49100.0
M.0.EL,IDN,HISTCR,PRIMAP-hist_v2.3.1,Gg CO2 / yr,CO2-total-excl-LU,194000.0,213000.0,228000.0,244000.0,258000.0,274000.0,293000.0,310000.0,326000.0,341000.0,338000.0,368000.0,369000.0,398000.0,403000.0,399000.0,405000.0,420000.0,410000.0,425000.0,470000.0,522000.0,560000.0,516000.0,559000.0,565000.0,572000.0,543000.0,591000.0,632000.0
M.0.EL,IND,HISTCR,PRIMAP-hist_v2.3.1,Gg CO2 / yr,CO2-total-excl-LU,649000.0,695000.0,741000.0,764000.0,813000.0,860000.0,920000.0,950000.0,968000.0,1020000.0,1050000.0,1050000.0,1050000.0,1090000.0,1150000.0,1200000.0,1270000.0,1340000.0,1460000.0,1610000.0,1610000.0,1730000.0,1900000.0,1930000.0,2130000.0,2220000.0,2280000.0,2360000.0,2500000.0,2530000.0
M.0.EL,IRL,HISTCR,PRIMAP-hist_v2.3.1,Gg CO2 / yr,CO2-total-excl-LU,33000.0,33800.0,33600.0,33900.0,35000.0,35900.0,37500.0,38900.0,40800.0,42500.0,45300.0,47700.0,46200.0,45800.0,46900.0,48900.0,48300.0,48400.0,48000.0,42800.0,42400.0,38700.0,38800.0,37800.0,37400.0,39100.0,40600.0,39500.0,39500.0,37600.0
M.0.EL,IRN,HISTCR,PRIMAP-hist_v2.3.1,Gg CO2 / yr,CO2-total-excl-LU,214000.0,230000.0,232000.0,241000.0,269000.0,275000.0,280000.0,275000.0,311000.0,379000.0,374000.0,395000.0,402000.0,417000.0,448000.0,474000.0,512000.0,519000.0,542000.0,559000.0,579000.0,593000.0,609000.0,618000.0,655000.0,655000.0,663000.0,710000.0,752000.0,784000.0
M.0.EL,IRQ,HISTCR,PRIMAP-hist_v2.3.1,Gg CO2 / yr,CO2-total-excl-LU,51500.0,53700.0,67000.0,71300.0,77700.0,81000.0,76000.0,77700.0,82600.0,83900.0,85000.0,98400.0,99200.0,102000.0,114000.0,115000.0,99800.0,62300.0,95300.0,106000.0,116000.0,136000.0,156000.0,167000.0,169000.0,171000.0,197000.0,211000.0,218000.0,234000.0
M.0.EL,ISL,HISTCR,PRIMAP-hist_v2.3.1,Gg CO2 / yr,CO2-total-excl-LU,2230.0,2110.0,2250.0,2410.0,2360.0,2470.0,2520.0,2620.0,2640.0,2840.0,2930.0,2860.0,2990.0,2980.0,3110.0,2980.0,3150.0,3500.0,3810.0,3730.0,3630.0,3500.0,3500.0,3480.0,3460.0,3540.0,3490.0,3610.0,3660.0,3550.0
M.0.EL,ISR,HISTCR,PRIMAP-hist_v2.3.1,Gg CO2 / yr,CO2-total-excl-LU,36700.0,37000.0,42900.0,45100.0,48300.0,50800.0,52900.0,55800.0,57800.0,56600.0,61900.0,64700.0,60500.0,63400.0,63500.0,63800.0,64800.0,67700.0,67100.0,64200.0,66100.0,68200.0,73400.0,67300.0,65400.0,67200.0,66200.0,66100.0,64800.0,66900.0
M.0.EL,ITA,HISTCR,PRIMAP-hist_v2.3.1,Gg CO2 / yr,CO2-total-excl-LU,440000.0,439000.0,439000.0,432000.0,426000.0,450000.0,444000.0,450000.0,462000.0,466000.0,470000.0,471000.0,478000.0,496000.0,502000.0,502000.0,497000.0,491000.0,479000.0,425000.0,436000.0,424000.0,403000.0,370000.0,350000.0,361000.0,358000.0,353000.0,349000.0,340000.0
M.0.EL,JAM,HISTCR,PRIMAP-hist_v2.3.1,Gg CO2 / yr,CO2-total-excl-LU,7300.0,7490.0,7480.0,7740.0,7930.0,8880.0,9370.0,9710.0,9380.0,9610.0,9970.0,10200.0,9870.0,10300.0,10200.0,10100.0,11200.0,9890.0,10700.0,7940.0,7310.0,7790.0,7410.0,7960.0,7240.0,7480.0,7670.0,7340.0,7510.0,7780.0
M.0.EL,JOR,HISTCR,PRIMAP-hist_v2.3.1,Gg CO2 / yr,CO2-total-excl-LU,10600.0,10000.0,12200.0,12000.0,13500.0,13600.0,14300.0,14800.0,15100.0,15300.0,16500.0,17200.0,18300.0,19000.0,21000.0,23000.0,23300.0,24300.0,23500.0,24100.0,23300.0,23800.0,26800.0,26800.0,29200.0,28500.0,27200.0,28900.0,23200.0,23600.0
M.0.EL,JPN,HISTCR,PRIMAP-hist_v2.3.1,Gg CO2 / yr,CO2-total-excl-LU,1160000.0,1170000.0,1180000.0,1170000.0,1230000.0,1240000.0,1250000.0,1240000.0,1200000.0,1240000.0,1260000.0,1250000.0,1280000.0,1290000.0,1280000.0,1290000.0,1270000.0,1300000.0,1230000.0,1160000.0,1210000.0,1260000.0,1310000.0,1320000.0,1260000.0,1220000.0,1200000.0,1190000.0,1140000.0,1110000.0
M.0.EL,KAZ,HISTCR,PRIMAP-hist_v2.3.1,Gg CO2 / yr,CO2-total-excl-LU,281000.0,272000.0,247000.0,220000.0,186000.0,178000.0,164000.0,156000.0,150000.0,125000.0,149000.0,144000.0,161000.0,179000.0,189000.0,202000.0,221000.0,228000.0,229000.0,223000.0,249000.0,240000.0,246000.0,254000.0,279000.0,289000.0,289000.0,308000.0,317000.0,296000.0
M.0.EL,KEN,HISTCR,PRIMAP-hist_v2.3.1,Gg CO2 / yr,CO2-total-excl-LU,5610.0,4710.0,5370.0,6080.0,6260.0,7180.0,8480.0,7230.0,8370.0,8160.0,8130.0,7800.0,7130.0,6450.0,7800.0,9530.0,10700.0,11200.0,11800.0,14300.0,14300.0,15600.0,14600.0,15600.0,16800.0,19700.0,20800.0,19700.0,20300.0,20500.0
M.0.EL,KGZ,HISTCR,PRIMAP-hist_v2.3.1,Gg CO2 / yr,CO2-total-excl-LU,20800.0,17900.0,14800.0,11900.0,8830.0,5730.0,5920.0,6730.0,5710.0,5240.0,5150.0,4890.0,5110.0,5260.0,5480.0,5560.0,5710.0,6690.0,7540.0,7130.0,6570.0,7740.0,10200.0,9840.0,10300.0,10400.0,9820.0,9370.0,11700.0,11100.0
M.0.EL,KHM,HISTCR,PRIMAP-hist_v2.3.1,Gg CO2 / yr,CO2-total-excl-LU,1280.0,1330.0,1370.0,1410.0,1450.0,1530.0,1550.0,1500.0,1910.0,1930.0,2010.0,2290.0,2240.0,2420.0,2490.0,2820.0,3040.0,3520.0,3930.0,4600.0,5150.0,5250.0,5500.0,5630.0,6550.0,8610.0,10600.0,12900.0,14300.0,18700.0
M.0.EL,KIR,HISTCR,PRIMAP-hist_v2.3.1,Gg CO2 / yr,CO2-total-excl-LU,14.3,14.3,16.7,19.0,19.0,19.0,18.9,18.9,18.9,18.9,21.2,18.8,25.7,28.0,30.2,31.8,63.4,68.3,64.4,53.8,57.3,53.8,50.2,50.2,57.3,60.9,64.5,64.5,66.3,92.8
M.0.EL,KNA,HISTCR,PRIMAP-hist_v2.3.1,Gg CO2 / yr,CO2-total-excl-LU,107.0,107.0,111.0,114.0,122.0,129.0,133.0,144.0,151.0,162.0,173.0,177.0,199.0,199.0,214.0,199.0,203.0,218.0,218.0,225.0,222.0,232.0,221.0,225.0,233.0,236.0,240.0,248.0,255.0,264.0
M.0.EL,KOR,HISTCR,PRIMAP-hist_v2.3.1,Gg CO2 / yr,CO2-total-excl-LU,268000.0,288000.0,307000.0,342000.0,363000.0,389000.0,423000.0,451000.0,384000.0,416000.0,450000.0,466000.0,488000.0,497000.0,502000.0,511000.0,515000.0,533000.0,546000.0,550000.0,602000.0,636000.0,639000.0,646000.0,646000.0,647000.0,657000.0,668000.0,682000.0,659000.0
M.0.EL,KWT,HISTCR,PRIMAP-hist_v2.3.1,Gg CO2 / yr,CO2-total-excl-LU,40900.0,470000.0,33500.0,54300.0,61900.0,60800.0,56300.0,62100.0,57800.0,59800.0,60300.0,64200.0,65300.0,68400.0,71800.0,80700.0,82500.0,83600.0,90800.0,95100.0,97300.0,94700.0,107000.0,101000.0,96100.0,101000.0,107000.0,110000.0,110000.0,110000.0
M.0.EL,LAO,HISTCR,PRIMAP-hist_v2.3.1,Gg CO2 / yr,CO2-total-excl-LU,530.0,561.0,607.0,629.0,652.0,690.0,773.0,814.0,842.0,873.0,982.0,1090.0,1190.0,1250.0,1310.0,1370.0,1790.0,1860.0,2160.0,2700.0,3040.0,3210.0,3440.0,4300.0,4490.0,9290.0,14900.0,18700.0,19200.0,26400.0
M.0.EL,LBN,HISTCR,PRIMAP-hist_v2.3.1,Gg CO2 / yr,CO2-total-excl-LU,9350.0,9460.0,11500.0,12700.0,13200.0,14700.0,15100.0,16000.0,17500.0,16800.0,15500.0,16500.0,16400.0,18700.0,17400.0,16900.0,15000.0,14000.0,17700.0,21400.0,20400.0,20700.0,22400.0,23100.0,25100.0,26900.0,27700.0,29200.0,20600.0,21000.0
M.0.EL,LBR,HISTCR,PRIMAP-hist_v2.3.1,Gg CO2 / yr,CO2-total-excl-LU,480.0,383.0,400.0,436.0,434.0,436.0,448.0,468.0,499.0,407.0,438.0,465.0,454.0,486.0,565.0,673.0,692.0,648.0,554.0,494.0,780.0,872.0,984.0,899.0,1210.0,1230.0,1380.0,1250.0,1390.0,1410.0
M.0.EL,LBY,HISTCR,PRIMAP-hist_v2.3.1,Gg CO2 / yr,CO2-total-excl-LU,39300.0,45400.0,44100.0,47600.0,54200.0,57900.0,56600.0,54300.0,54300.0,52900.0,55900.0,55600.0,55100.0,58400.0,59700.0,58800.0,58400.0,54200.0,58200.0,60700.0,65000.0,43100.0,59000.0,58600.0,57000.0,49100.0,42900.0,46400.0,52600.0,50700.0
M.0.EL,LCA,HISTCR,PRIMAP-hist_v2.3.1,Gg CO2 / yr,CO2-total-excl-LU,171.0,179.0,160.0,244.0,272.0,322.0,333.0,311.0,294.0,331.0,343.0,356.0,308.0,407.0,423.0,398.0,445.0,368.0,385.0,432.0,492.0,448.0,443.0,414.0,467.0,482.0,448.0,472.0,487.0,504.0
M.0.EL,LIE,HISTCR,PRIMAP-hist_v2.3.1,Gg CO2 / yr,CO2-total-excl-LU,200.0,208.0,208.0,216.0,202.0,205.0,207.0,219.0,230.0,227.0,218.0,216.0,221.0,230.0,231.0,230.0,232.0,202.0,220.0,206.0,192.0,178.0,186.0,193.0,162.0,161.0,150.0,156.0,143.0,149.0
M.0.EL,LKA,HISTCR,PRIMAP-hist_v2.3.1,Gg CO2 / yr,CO2-total-excl-LU,4060.0,4380.0,5370.0,5250.0,5700.0,6070.0,7240.0,7770.0,8000.0,8790.0,10400.0,10600.0,11200.0,11200.0,12500.0,12200.0,12200.0,12500.0,12500.0,13400.0,13600.0,15500.0,16500.0,15500.0,18500.0,20900.0,24100.0,24200.0,24000.0,26000.0
M.0.EL,LSO,HISTCR,PRIMAP-hist_v2.3.1,Gg CO2 / yr,CO2-total-excl-LU,1480.0,1530.0,1590.0,1640.0,1680.0,1710.0,1750.0,1780.0,1810.0,1830.0,1860.0,1880.0,1910.0,1940.0,1990.0,2020.0,2040.0,2080.0,2130.0,2220.0,2280.0,2330.0,2400.0,2430.0,2440.0,2330.0,2360.0,2540.0,2610.0,2460.0
M.0.EL,LTU,HISTCR,PRIMAP-hist_v2.3.1,Gg CO2 / yr,CO2-total-excl-LU,35800.0,37900.0,21200.0,16400.0,15800.0,15100.0,15800.0,15200.0,16000.0,13500.0,11900.0,12600.0,12700.0,12700.0,13300.0,14100.0,14400.0,15800.0,15200.0,13000.0,13900.0,14300.0,14300.0,13400.0,13100.0,13300.0,13400.0,13600.0,13700.0,13900.0
M.0.EL,LUX,HISTCR,PRIMAP-hist_v2.3.1,Gg CO2 / yr,CO2-total-excl-LU,11800.0,12400.0,12200.0,12400.0,11500.0,9150.0,9200.0,8550.0,7680.0,8130.0,8710.0,9210.0,9980.0,10500.0,11800.0,12100.0,11900.0,11300.0,11200.0,10600.0,11200.0,11100.0,10900.0,10300.0,9840.0,9350.0,9090.0,9260.0,9570.0,9750.0
M.0.EL,LVA,HISTCR,PRIMAP-hist_v2.3.1,Gg CO2 / yr,CO2-total-excl-LU,19700.0,17900.0,14200.0,11900.0,10400.0,9140.0,9210.0,8680.0,8310.0,7720.0,7080.0,7500.0,7520.0,7730.0,7730.0,7810.0,8310.0,8640.0,8200.0,7460.0,8560.0,7820.0,7530.0,7370.0,7180.0,7270.0,7220.0,7220.0,7870.0,7660.0
M.0.EL,MAR,HISTCR,PRIMAP-hist_v2.3.1,Gg CO2 / yr,CO2-total-excl-LU,22300.0,23600.0,24600.0,26600.0,27900.0,28800.0,29600.0,30500.0,31300.0,32100.0,33000.0,34900.0,36900.0,38900.0,40700.0,42900.0,44800.0,46800.0,48700.0,50600.0,52500.0,55700.0,58700.0,59100.0,59400.0,60300.0,61200.0,64600.0,66100.0,72000.0
M.0.EL,MCO,HISTCR,PRIMAP-hist_v2.3.1,Gg CO2 / yr,CO2-total-excl-LU,115.0,116.0,121.0,120.0,120.0,118.0,121.0,120.0,118.0,119.0,116.0,117.0,117.0,114.0,108.0,107.0,100.0,99.9,98.7,93.4,93.2,90.6,93.5,93.6,88.3,89.9,88.7,87.4,89.0,85.0
M.0.EL,MDA,HISTCR,PRIMAP-hist_v2.3.1,Gg CO2 / yr,CO2-total-excl-LU,37000.0,33100.0,25900.0,18200.0,15000.0,12000.0,11800.0,10800.0,9250.0,7730.0,6940.0,7550.0,7230.0,7900.0,8640.0,8910.0,8220.0,8730.0,9290.0,9650.0,9980.0,10300.0,9810.0,8870.0,9490.0,9880.0,10100.0,10500.0,13100.0,12400.0
M.0.EL,MDG,HISTCR,PRIMAP-hist_v2.3.1,Gg CO2 / yr,CO2-total-excl-LU,886.0,963.0,936.0,962.0,1190.0,1240.0,1290.0,1560.0,1650.0,1750.0,1800.0,1750.0,1340.0,1770.0,1960.0,1980.0,2060.0,2160.0,2320.0,2140.0,2120.0,2590.0,2980.0,3390.0,3240.0,3650.0,3490.0,4060.0,4300.0,4340.0
M.0.EL,MDV,HISTCR,PRIMAP-hist_v2.3.1,Gg CO2 / yr,CO2-total-excl-LU,114.0,102.0,152.0,131.0,131.0,199.0,260.0,320.0,326.0,448.0,498.0,530.0,672.0,608.0,784.0,732.0,913.0,951.0,1030.0,1090.0,1160.0,1230.0,1300.0,1390.0,1450.0,1470.0,1630.0,1690.0,1750.0,1820.0
M.0.EL,MEX,HISTCR,PRIMAP-hist_v2.3.1,Gg CO2 / yr,CO2-total-excl-LU,321000.0,330000.0,333000.0,336000.0,357000.0,349000.0,377000.0,407000.0,432000.0,412000.0,415000.0,404000.0,419000.0,418000.0,422000.0,435000.0,458000.0,497000.0,574000.0,534000.0,508000.0,502000.0,487000.0,495000.0,501000.0,496000.0,504000.0,491000.0,486000.0,473000.0
M.0.EL,MHL,HISTCR,PRIMAP-hist_v2.3.1,Gg CO2 / yr,CO2-total-excl-LU,60.8,63.8,62.9,68.9,68.9,71.9,71.9,71.9,74.9,71.9,80.9,84.9,91.9,89.7,100.0,97.7,106.0,111.0,115.0,120.0,125.0,128.0,125.0,128.0,132.0,132.0,132.0,135.0,139.0,195.0
M.0.EL,MKD,HISTCR,PRIMAP-hist_v2.3.1,Gg CO2 / yr,CO2-total-excl-LU,10100.0,9410.0,8830.0,9240.0,8950.0,9140.0,8850.0,9620.0,10300.0,9940.0,9580.0,9710.0,10100.0,9350.0,9110.0,9890.0,8950.0,9460.0,9520.0,9610.0,9700.0,9790.0,9890.0,8970.0,8490.0,7940.0,7780.0,8380.0,7870.0,8950.0
M.0.EL,MLI,HISTCR,PRIMAP-hist_v2.3.1,Gg CO2 / yr,CO2-total-excl-LU,898.0,922.0,953.0,977.0,999.0,1010.0,1020.0,1060.0,1510.0,1550.0,1580.0,1500.0,1460.0,1390.0,1400.0,1400.0,1620.0,1910.0,2260.0,2540.0,2760.0,3010.0,3200.0,3620.0,3930.0,4200.0,4210.0,4220.0,4850.0,4920.0
M.0.EL,MLT,HISTCR,PRIMAP-hist_v2.3.1,Gg CO2 / yr,CO2-total-excl-LU,2410.0,2260.0,2320.0,2890.0,2670.0,2460.0,2580.0,2590.0,2550.0,2630.0,2550.0,2670.0,2710.0,2980.0,2850.0,2650.0,2670.0,2740.0,2750.0,2530.0,2580.0,2580.0,2760.0,2440.0,2450.0,1740.0,1410.0,1560.0,1540.0,1670.0
M.0.EL,MMR,HISTCR,PRIMAP-hist_v2.3.1,Gg CO2 / yr,CO2-total-excl-LU,3610.0,3460.0,4000.0,4350.0,5170.0,5740.0,5980.0,6170.0,6650.0,7330.0,8270.0,7790.0,8130.0,8640.0,9140.0,8520.0,9400.0,9420.0,7260.0,7550.0,9660.0,11100.0,8990.0,9790.0,12100.0,16200.0,18700.0,18600.0,18600.0,25300.0
M.0.EL,MNE,HISTCR,PRIMAP-hist_v2.3.1,Gg CO2 / yr,CO2-total-excl-LU,2670.0,2740.0,2070.0,1710.0,1530.0,955.0,2010.0,2130.0,2530.0,2550.0,2700.0,2320.0,2820.0,2710.0,2710.0,2470.0,2580.0,2590.0,3140.0,2080.0,2770.0,2990.0,2860.0,2530.0,2410.0,2570.0,2370.0,2470.0,2620.0,2760.0
M.0.EL,MNG,HISTCR,PRIMAP-hist_v2.3.1,Gg CO2 / yr,CO2-total-excl-LU,10900.0,12600.0,11000.0,10200.0,8900.0,8730.0,7120.0,6940.0,7040.0,7000.0,7330.0,7330.0,7870.0,7780.0,7920.0,9550.0,11400.0,11700.0,11700.0,12100.0,12800.0,14200.0,15700.0,16800.0,16300.0,12800.0,14000.0,19000.0,19600.0,27200.0
M.0.EL,MOZ,HISTCR,PRIMAP-hist_v2.3.1,Gg CO2 / yr,CO2-total-excl-LU,1070.0,1070.0,1060.0,1140.0,1120.0,1180.0,1160.0,1240.0,1180.0,1240.0,1490.0,2060.0,2050.0,2590.0,2820.0,2740.0,2910.0,3180.0,3120.0,3400.0,3600.0,4100.0,4090.0,5110.0,9340.0,7360.0,9010.0,9560.0,9980.0,10000.0
M.0.EL,MRT,HISTCR,PRIMAP-hist_v2.3.1,Gg CO2 / yr,CO2-total-excl-LU,899.0,838.0,841.0,917.0,1020.0,1070.0,1130.0,1170.0,1130.0,1160.0,1150.0,1180.0,1300.0,1350.0,1440.0,1500.0,1520.0,1770.0,1850.0,2160.0,2300.0,2530.0,2690.0,2720.0,2750.0,2780.0,2940.0,3100.0,2830.0,2880.0
M.0.EL,MUS,HISTCR,PRIMAP-hist_v2.3.1,Gg CO2 / yr,CO2-total-excl-LU,1710.0,1770.0,1940.0,2020.0,1870.0,2090.0,2080.0,2010.0,2060.0,2180.0,2300.0,2490.0,2520.0,2680.0,2680.0,2840.0,3460.0,3570.0,3700.0,3680.0,3930.0,3990.0,4080.0,4230.0,4380.0,4380.0,4520.0,4680.0,4620.0,4960.0
M.0.EL,MWI,HISTCR,PRIMAP-hist_v2.3.1,Gg CO2 / yr,CO2-total-excl-LU,773.0,832.0,830.0,923.0,932.0,945.0,948.0,992.0,970.0,965.0,911.0,828.0,926.0,984.0,995.0,997.0,1020.0,1030.0,1150.0,1160.0,1100.0,1200.0,1170.0,1210.0,1070.0,1160.0,1360.0,1410.0,1490.0,1500.0
M.0.EL,MYS,HISTCR,PRIMAP-hist_v2.3.1,Gg CO2 / yr,CO2-total-excl-LU,66600.0,76300.0,82100.0,81800.0,89000.0,91300.0,107000.0,124000.0,113000.0,127000.0,139000.0,145000.0,154000.0,168000.0,181000.0,194000.0,193000.0,209000.0,218000.0,207000.0,219000.0,218000.0,237000.0,244000.0,251000.0,254000.0,271000.0,267000.0,277000.0,284000.0
M.0.EL,NAM,HISTCR,PRIMAP-hist_v2.3.1,Gg CO2 / yr,CO2-total-excl-LU,1070.0,1150.0,1220.0,1320.0,1430.0,1440.0,1530.0,1580.0,1720.0,1850.0,1890.0,2070.0,2120.0,2490.0,2680.0,2850.0,3000.0,3120.0,2960.0,3050.0,3140.0,3150.0,3430.0,3300.0,3670.0,3920.0,4070.0,4220.0,4290.0,4110.0
M.0.EL,NER,HISTCR,PRIMAP-hist_v2.3.1,Gg CO2 / yr,CO2-total-excl-LU,655.0,745.0,811.0,1070.0,1140.0,1210.0,1470.0,1590.0,1830.0,1870.0,2000.0,1830.0,1880.0,2000.0,2080.0,1770.0,1680.0,1700.0,1850.0,2210.0,2700.0,3020.0,4100.0,4500.0,4910.0,4740.0,4800.0,4650.0,5240.0,5390.0
M.0.EL,NGA,HISTCR,PRIMAP-hist_v2.3.1,Gg CO2 / yr,CO2-total-excl-LU,84300.0,88500.0,93800.0,93400.0,84200.0,88200.0,102000.0,99900.0,90800.0,89400.0,101000.0,105000.0,94400.0,106000.0,99600.0,104000.0,92700.0,84500.0,90000.0,79800.0,114000.0,132000.0,113000.0,120000.0,126000.0,113000.0,118000.0,132000.0,145000.0,140000.0
M.0.EL,NIC,HISTCR,PRIMAP-hist_v2.3.1,Gg CO2 / yr,CO2-total-excl-LU,2090.0,2030.0,2420.0,2320.0,2550.0,2800.0,2900.0,3170.0,3440.0,3650.0,3770.0,3970.0,4030.0,4390.0,4430.0,4310.0,4480.0,4620.0,4430.0,4510.0,4540.0,4860.0,4610.0,4410.0,4650.0,5320.0,5520.0,5520.0,5680.0,6320.0
M.0.EL,NIU,HISTCR,PRIMAP-hist_v2.3.1,Gg CO2 / yr,CO2-total-excl-LU,4.4,4.4,4.4,4.4,4.4,4.47,4.54,4.61,4.68,4.75,4.82,4.97,5.11,5.25,5.4,5.54,6.7,8.1,4.84,5.05,5.05,10.1,10.1,10.1,15.2,10.1,10.1,10.1,10.4,14.6
M.0.EL,NLD,HISTCR,PRIMAP-hist_v2.3.1,Gg CO2 / yr,CO2-total-excl-LU,162000.0,170000.0,170000.0,170000.0,171000.0,172000.0,181000.0,175000.0,175000.0,170000.0,171000.0,176000.0,176000.0,179000.0,181000.0,177000.0,172000.0,172000.0,175000.0,170000.0,182000.0,168000.0,165000.0,165000.0,158000.0,164000.0,165000.0,163000.0,159000.0,153000.0
M.0.EL,NOR,HISTCR,PRIMAP-hist_v2.3.1,Gg CO2 / yr,CO2-total-excl-LU,35300.0,33800.0,34700.0,36200.0,38100.0,38700.0,41800.0,42000.0,42200.0,43000.0,42500.0,43900.0,43000.0,44300.0,44600.0,43800.0,44400.0,46100.0,45200.0,43700.0,46100.0,45400.0,45000.0,45000.0,45000.0,45300.0,44400.0,43600.0,43900.0,42200.0
M.0.EL,NPL,HISTCR,PRIMAP-hist_v2.3.1,Gg CO2 / yr,CO2-total-excl-LU,854.0,1160.0,1400.0,1570.0,1810.0,2520.0,2580.0,2880.0,2350.0,3310.0,3150.0,3350.0,2710.0,3100.0,2680.0,3070.0,2540.0,2660.0,3450.0,4260.0,4950.0,5340.0,5600.0,6360.0,7760.0,6920.0,10000.0,11700.0,13100.0,17000.0
M.0.EL,NRU,HISTCR,PRIMAP-hist_v2.3.1,Gg CO2 / yr,CO2-total-excl-LU,32.4,32.4,31.5,29.6,28.6,26.3,23.9,22.3,19.8,16.6,13.7,20.9,28.2,35.5,34.0,30.0,20.0,17.7,24.5,31.3,38.0,34.9,38.0,41.2,44.3,47.4,38.1,41.2,42.3,59.3
M.0.EL,NZL,HISTCR,PRIMAP-hist_v2.3.1,Gg CO2 / yr,CO2-total-excl-LU,25700.0,26400.0,28300.0,27900.0,28100.0,28200.0,29500.0,31400.0,30000.0,31600.0,32400.0,34600.0,34700.0,36400.0,36000.0,37600.0,37600.0,36700.0,37800.0,34900.0,35100.0,34500.0,36200.0,35300.0,35500.0,36100.0,34300.0,35900.0,35800.0,37500.0
M.0.EL,OMN,HISTCR,PRIMAP-hist_v2.3.1,Gg CO2 / yr,CO2-total-excl-LU,13200.0,13100.0,13200.0,14100.0,14700.0,15100.0,14100.0,13800.0,13500.0,14700.0,14900.0,16100.0,19800.0,26300.0,24700.0,28100.0,35800.0,40100.0,40600.0,40200.0,46100.0,53800.0,59900.0,62800.0,62700.0,64900.0,65500.0,69800.0,70900.0,73300.0
M.0.EL,PAK,HISTCR,PRIMAP-hist_v2.3.1,Gg CO2 / yr,CO2-total-excl-LU,72400.0,71900.0,76500.0,82600.0,89400.0,89100.0,99100.0,99300.0,104000.0,106000.0,112000.0,114000.0,120000.0,125000.0,137000.0,142000.0,151000.0,163000.0,163000.0,164000.0,163000.0,163000.0,163000.0,158000.0,162000.0,178000.0,212000.0,244000.0,254000.0,252000.0
M.0.EL,PAN,HISTCR,PRIMAP-hist_v2.3.1,Gg CO2 / yr,CO2-total-excl-LU,2660.0,3130.0,4140.0,3820.0,4210.0,3680.0,4480.0,4660.0,5940.0,5650.0,5760.0,6990.0,5850.0,6130.0,5740.0,6780.0,7410.0,7230.0,7350.0,8460.0,9110.0,9990.0,9800.0,11400.0,10900.0,10900.0,10500.0,11900.0,11500.0,12800.0
M.0.EL,PER,HISTCR,PRIMAP-hist_v2.3.1,Gg CO2 / yr,CO2-total-excl-LU,25200.0,26600.0,26400.0,30900.0,31400.0,31900.0,30300.0,32900.0,32800.0,33800.0,32900.0,30300.0,29500.0,29700.0,33100.0,34500.0,32400.0,37800.0,39200.0,42500.0,45600.0,44900.0,47800.0,45700.0,52000.0,51700.0,55200.0,55100.0,57600.0,56700.0
M.0.EL,PHL,HISTCR,PRIMAP-hist_v2.3.1,Gg CO2 / yr,CO2-total-excl-LU,43000.0,45100.0,50000.0,50600.0,55800.0,61700.0,63000.0,72100.0,69900.0,70000.0,74200.0,72200.0,72200.0,72100.0,74700.0,75300.0,68500.0,72800.0,79400.0,78700.0,85100.0,86100.0,90900.0,98400.0,104000.0,115000.0,125000.0,137000.0,142000.0,149000.0
M.0.EL,PLW,HISTCR,PRIMAP-hist_v2.3.1,Gg CO2 / yr,CO2-total-excl-LU,104.0,104.0,88.1,88.3,91.3,100.0,110.0,121.0,129.0,141.0,157.0,193.0,225.0,262.0,299.0,336.0,348.0,385.0,313.0,303.0,319.0,329.0,330.0,333.0,339.0,339.0,339.0,350.0,359.0,504.0
M.0.EL,PNG,HISTCR,PRIMAP-hist_v2.3.1,Gg CO2 / yr,CO2-total-excl-LU,2200.0,2230.0,2250.0,2250.0,2240.0,2120.0,2250.0,2680.0,3620.0,2630.0,3020.0,3410.0,3730.0,4160.0,4770.0,5070.0,5160.0,6670.0,5650.0,5340.0,4780.0,5340.0,5140.0,5500.0,6700.0,6580.0,6980.0,6380.0,6550.0,9090.0
M.0.EL,POL,HISTCR,PRIMAP-hist_v2.3.1,Gg CO2 / yr,CO2-total-excl-LU,377000.0,374000.0,365000.0,365000.0,361000.0,363000.0,378000.0,368000.0,339000.0,330000.0,318000.0,314000.0,307000.0,320000.0,324000.0,322000.0,336000.0,336000.0,329000.0,316000.0,334000.0,333000.0,325000.0,321000.0,309000.0,311000.0,322000.0,336000.0,335000.0,318000.0
M.0.EL,PRK,HISTCR,PRIMAP-hist_v2.3.1,Gg CO2 / yr,CO2-total-excl-LU,184000.0,178000.0,156000.0,146000.0,135000.0,120000.0,100000.0,88200.0,72100.0,71600.0,69400.0,74500.0,74400.0,76000.0,77700.0,81000.0,82300.0,69100.0,74800.0,57400.0,53800.0,40300.0,40400.0,29600.0,37200.0,31000.0,34200.0,28700.0,29000.0,36700.0
M.0.EL,PRT,HISTCR,PRIMAP-hist_v2.3.1,Gg CO2 / yr,CO2-total-excl-LU,45300.0,47200.0,51000.0,49500.0,50300.0,54500.0,51800.0,54700.0,59300.0,66900.0,65700.0,65300.0,69700.0,64700.0,67500.0,69700.0,64900.0,62400.0,60100.0,57200.0,53000.0,51800.0,50000.0,48200.0,48000.0,52300.0,50500.0,55200.0,51500.0,47600.0
M.0.EL,PRY,HISTCR,PRIMAP-hist_v2.3.1,Gg CO2 / yr,CO2-total-excl-LU,2460.0,2440.0,3060.0,3360.0,3940.0,4460.0,4180.0,4470.0,4630.0,4570.0,3810.0,3990.0,4240.0,4460.0,4570.0,4330.0,4490.0,4560.0,4800.0,5080.0,5530.0,5560.0,5840.0,5690.0,5990.0,6550.0,7660.0,8550.0,7430.0,7420.0
M.0.EL,QAT,HISTCR,PRIMAP-hist_v2.3.1,Gg CO2 / yr,CO2-total-excl-LU,16200.0,21800.0,31400.0,35000.0,35000.0,35600.0,37100.0,45900.0,41500.0,40600.0,44700.0,50100.0,49300.0,50600.0,51900.0,53000.0,65100.0,64900.0,67800.0,71700.0,81300.0,91200.0,107000.0,97700.0,120000.0,120000.0,117000.0,113000.0,101000.0,111000.0
M.0.EL,ROU,HISTCR,PRIMAP-hist_v2.3.1,Gg CO2 / yr,CO2-total-excl-LU,173000.0,141000.0,132000.0,123000.0,122000.0,126000.0,130000.0,120000.0,107000.0,89300.0,93400.0,99600.0,99900.0,103000.0,103000.0,101000.0,105000.0,103000.0,99500.0,81900.0,78000.0,86100.0,83900.0,74800.0,75600.0,76400.0,74200.0,77200.0,77600.0,74800.0
M.0.EL,RUS,HISTCR,PRIMAP-hist_v2.3.1,Gg CO2 / yr,CO2-total-excl-LU,2550000.0,2430000.0,2000000.0,1890000.0,1660000.0,1640000.0,1610000.0,1500000.0,1490000.0,1520000.0,1490000.0,1530000.0,1520000.0,1550000.0,1560000.0,1570000.0,1630000.0,1620000.0,1640000.0,1550000.0,1640000.0,1690000.0,1710000.0,1640000.0,1640000.0,1670000.0,1660000.0,1690000.0,1730000.0,1720000.0
M.0.EL,RWA,HISTCR,PRIMAP-hist_v2.3.1,Gg CO2 / yr,CO2-total-excl-LU,546.0,491.0,500.0,502.0,480.0,473.0,483.0,503.0,508.0,535.0,549.0,550.0,550.0,540.0,547.0,546.0,546.0,569.0,558.0,585.0,601.0,677.0,748.0,810.0,844.0,958.0,1070.0,1100.0,1160.0,1170.0
M.0.EL,SAU,HISTCR,PRIMAP-hist_v2.3.1,Gg CO2 / yr,CO2-total-excl-LU,147000.0,206000.0,222000.0,246000.0,250000.0,198000.0,220000.0,189000.0,183000.0,200000.0,261000.0,266000.0,292000.0,298000.0,355000.0,360000.0,391000.0,358000.0,400000.0,429000.0,476000.0,455000.0,502000.0,486000.0,538000.0,575000.0,511000.0,522000.0,511000.0,510000.0
M.0.EL,SDN,HISTCR,PRIMAP-hist_v2.3.1,Gg CO2 / yr,CO2-total-excl-LU,4880.0,4570.0,4100.0,2870.0,3960.0,4060.0,4220.0,5140.0,4460.0,4850.0,5410.0,6130.0,7730.0,8610.0,10900.0,10600.0,11600.0,13600.0,14200.0,14800.0,15200.0,14700.0,15300.0,17100.0,17600.0,21200.0,20200.0,22600.0,23700.0,24000.0
M.0.EL,SEN,HISTCR,PRIMAP-hist_v2.3.1,Gg CO2 / yr,CO2-total-excl-LU,3200.0,3450.0,3490.0,3610.0,3910.0,3500.0,3750.0,3260.0,3440.0,3720.0,4000.0,4370.0,4570.0,5010.0,5320.0,5620.0,4510.0,4950.0,4840.0,4810.0,7400.0,7940.0,7480.0,7960.0,8900.0,9960.0,10200.0,9690.0,10800.0,10900.0
M.0.EL,SGP,HISTCR,PRIMAP-hist_v2.3.1,Gg CO2 / yr,CO2-total-excl-LU,21700.0,22100.0,23600.0,24600.0,29600.0,23200.0,28800.0,36500.0,33500.0,37600.0,40600.0,41900.0,40600.0,42900.0,41600.0,33500.0,38600.0,42500.0,49700.0,75400.0,51000.0,34700.0,52600.0,58000.0,56800.0,69500.0,56100.0,55700.0,54500.0,54400.0
M.0.EL,SLB,HISTCR,PRIMAP-hist_v2.3.1,Gg CO2 / yr,CO2-total-excl-LU,152.0,163.0,167.0,178.0,189.0,197.0,204.0,212.0,223.0,223.0,231.0,242.0,253.0,264.0,283.0,290.0,298.0,309.0,317.0,327.0,338.0,353.0,357.0,383.0,339.0,302.0,298.0,295.0,303.0,422.0
M.0.EL,SLE,HISTCR,PRIMAP-hist_v2.3.1,Gg CO2 / yr,CO2-total-excl-LU,560.0,624.0,472.0,476.0,501.0,270.0,315.0,245.0,278.0,169.0,411.0,441.0,556.0,593.0,580.0,489.0,644.0,546.0,565.0,566.0,606.0,776.0,893.0,1070.0,1170.0,938.0,963.0,969.0,1190.0,1210.0
M.0.EL,SLV,HISTCR,PRIMAP-hist_v2.3.1,Gg CO2 / yr,CO2-total-excl-LU,2720.0,3430.0,3580.0,4210.0,4770.0,5210.0,4650.0,5740.0,5990.0,5870.0,5890.0,6110.0,6320.0,6610.0,6520.0,6580.0,7060.0,7180.0,6770.0,6700.0,6740.0,6990.0,7040.0,6840.0,6820.0,7290.0,7260.0,6670.0,7950.0,8850.0
M.0.EL,SMR,HISTCR,PRIMAP-hist_v2.3.1,Gg CO2 / yr,CO2-total-excl-LU,183.0,188.0,189.0,188.0,188.0,202.0,202.0,207.0,214.0,218.0,224.0,226.0,228.0,238.0,242.0,244.0,244.0,243.0,237.0,214.0,219.0,216.0,203.0,182.0,170.0,177.0,174.0,174.0,172.0,156.0
M.0.EL,SOM,HISTCR,PRIMAP-hist_v2.3.1,Gg CO2 / yr,CO2-total-excl-LU,758.0,734.0,706.0,666.0,654.0,614.0,593.0,564.0,539.0,517.0,507.0,530.0,615.0,623.0,625.0,626.0,626.0,642.0,635.0,632.0,647.0,647.0,644.0,667.0,667.0,666.0,674.0,674.0,709.0,717.0
M.0.EL,SRB,HISTCR,PRIMAP-hist_v2.3.1,Gg CO2 / yr,CO2-total-excl-LU,58600.0,38400.0,45700.0,39700.0,38700.0,40400.0,47600.0,51200.0,53800.0,37100.0,46400.0,50700.0,53700.0,57000.0,61800.0,53100.0,62700.0,61100.0,60700.0,55000.0,55500.0,59200.0,53300.0,54100.0,45500.0,53400.0,55200.0,54900.0,55600.0,60300.0
M.0.EL,SSD,HISTCR,PRIMAP-hist_v2.3.1,Gg CO2 / yr,CO2-total-excl-LU,506.0,470.0,419.0,294.0,412.0,410.0,430.0,528.0,462.0,504.0,584.0,651.0,813.0,901.0,1150.0,1140.0,1240.0,1460.0,1520.0,1580.0,1580.0,1480.0,1540.0,1700.0,1800.0,2230.0,1960.0,1740.0,1810.0,1870.0
M.0.EL,STP,HISTCR,PRIMAP-hist_v2.3.1,Gg CO2 / yr,CO2-total-excl-LU,48.3,48.3,48.3,48.3,48.3,48.3,48.3,48.3,48.3,48.4,48.3,52.0,59.4,66.6,74.1,77.8,85.1,85.2,85.2,92.5,99.9,104.0,115.0,115.0,115.0,115.0,122.0,126.0,120.0,109.0
M.0.EL,SUR,HISTCR,PRIMAP-hist_v2.3.1,Gg CO2 / yr,CO2-total-excl-LU,1800.0,2080.0,2100.0,2100.0,2100.0,2120.0,2140.0,2150.0,2160.0,2140.0,2240.0,2410.0,1610.0,1590.0,1600.0,1640.0,1790.0,1800.0,1980.0,2040.0,2440.0,2220.0,2680.0,2790.0,2850.0,2750.0,2320.0,2520.0,2990.0,2990.0
M.0.EL,SVK,HISTCR,PRIMAP-hist_v2.3.1,Gg CO2 / yr,CO2-total-excl-LU,61500.0,53300.0,48900.0,46300.0,43700.0,44200.0,44000.0,44200.0,43900.0,43100.0,41200.0,43200.0,42000.0,42300.0,42800.0,42800.0,42600.0,41000.0,41400.0,37600.0,38400.0,38000.0,35900.0,35500.0,33600.0,34400.0,34900.0,36000.0,36000.0,33800.0
M.0.EL,SVN,HISTCR,PRIMAP-hist_v2.3.1,Gg CO2 / yr,CO2-total-excl-LU,15100.0,14000.0,13900.0,14200.0,14600.0,15300.0,16000.0,16500.0,16000.0,15400.0,15000.0,16300.0,16500.0,16200.0,16700.0,16900.0,17200.0,17300.0,18200.0,16200.0,16400.0,16300.0,15700.0,15100.0,13500.0,13600.0,14400.0,14600.0,14500.0,14000.0
M.0.EL,SWE,HISTCR,PRIMAP-hist_v2.3.1,Gg CO2 / yr,CO2-total-excl-LU,57400.0,57800.0,57500.0,57500.0,60000.0,59400.0,63300.0,58300.0,58700.0,55900.0,54700.0,55600.0,56600.0,57200.0,56500.0,53900.0,53700.0,53000.0,50900.0,47300.0,53100.0,49300.0,46800.0,45200.0,43300.0,43600.0,43300.0,42600.0,42100.0,40900.0
M.0.EL,SWZ,HISTCR,PRIMAP-hist_v2.3.1,Gg CO2 / yr,CO2-total-excl-LU,970.0,882.0,842.0,717.0,1090.0,1070.0,793.0,1150.0,1170.0,1250.0,1220.0,1100.0,1090.0,1010.0,1010.0,1020.0,1020.0,1050.0,1040.0,1080.0,1020.0,1030.0,1200.0,1550.0,912.0,985.0,1190.0,992.0,1020.0,961.0
M.0.EL,SYC,HISTCR,PRIMAP-hist_v2.3.1,Gg CO2 / yr,CO2-total-excl-LU,152.0,174.0,174.0,185.0,203.0,200.0,236.0,343.0,434.0,512.0,574.0,637.0,541.0,551.0,740.0,692.0,736.0,644.0,695.0,527.0,447.0,329.0,425.0,334.0,491.0,484.0,597.0,590.0,430.0,415.0
M.0.EL,SYR,HISTCR,PRIMAP-hist_v2.3.1,Gg CO2 / yr,CO2-total-excl-LU,37100.0,42000.0,42500.0,45000.0,46000.0,46500.0,47500.0,49700.0,53600.0,55700.0,54600.0,51500.0,41200.0,55900.0,52200.0,51500.0,55000.0,67900.0,69000.0,64200.0,63500.0,57400.0,45300.0,36000.0,29900.0,28700.0,28700.0,27100.0,38100.0,38000.0
M.0.EL,TCD,HISTCR,PRIMAP-hist_v2.3.1,Gg CO2 / yr,CO2-total-excl-LU,414.0,423.0,445.0,437.0,442.0,459.0,477.0,486.0,500.0,515.0,526.0,546.0,570.0,934.0,973.0,999.0,1030.0,1140.0,1120.0,1120.0,1160.0,1290.0,876.0,980.0,1370.0,1230.0,1580.0,1560.0,1540.0,1500.0
M.0.EL,TGO,HISTCR,PRIMAP-hist_v2.3.1,Gg CO2 / yr,CO2-total-excl-LU,703.0,736.0,863.0,799.0,965.0,1300.0,1550.0,1170.0,1370.0,1990.0,1550.0,1460.0,1630.0,2120.0,2040.0,2020.0,1840.0,1710.0,1850.0,3100.0,2910.0,2800.0,2520.0,2620.0,2820.0,3280.0,3820.0,3750.0,4330.0,4390.0
M.0.EL,THA,HISTCR,PRIMAP-hist_v2.3.1,Gg CO2 / yr,CO2-total-excl-LU,90800.0,99900.0,109000.0,125000.0,138000.0,161000.0,178000.0,184000.0,165000.0,172000.0,177000.0,189000.0,199000.0,211000.0,226000.0,232000.0,236000.0,239000.0,236000.0,252000.0,266000.0,265000.0,283000.0,299000.0,294000.0,297000.0,295000.0,297000.0,301000.0,297000.0
M.0.EL,TJK,HISTCR,PRIMAP-hist_v2.3.1,Gg CO2 / yr,CO2-total-excl-LU,17800.0,17400.0,14300.0,12000.0,6860.0,4840.0,3370.0,3490.0,2650.0,2750.0,2670.0,2900.0,2730.0,2910.0,3440.0,2780.0,3610.0,2680.0,2650.0,2140.0,2040.0,1860.0,2140.0,2030.0,2770.0,3180.0,3710.0,4520.0,4060.0,3920.0
M.0.EL,TKM,HISTCR,PRIMAP-hist_v2.3.1,Gg CO2 / yr,CO2-total-excl-LU,18100.0,18100.0,14900.0,13000.0,16400.0,17700.0,18000.0,18500.0,21000.0,26300.0,27000.0,26400.0,27500.0,29800.0,29600.0,31700.0,33800.0,37600.0,39700.0,35600.0,40800.0,44300.0,47700.0,48600.0,49200.0,50400.0,50400.0,49600.0,54100.0,58900.0
M.0.EL,TLS,HISTCR,PRIMAP-hist_v2.3.1,Gg CO2 / yr,CO2-total-excl-LU,88.0,110.0,124.0,125.0,120.0,121.0,132.0,152.0,183.0,275.0,389.0,280.0,268.0,262.0,519.0,347.0,343.0,313.0,310.0,346.0,328.0,362.0,622.0,739.0,724.0,684.0,646.0,655.0,582.0,719.0
M.0.EL,TON,HISTCR,PRIMAP-hist_v2.3.1,Gg CO2 / yr,CO2-total-excl-LU,67.7,83.7,61.3,74.1,80.5,85.7,71.2,93.2,84.7,108.0,95.5,85.7,98.0,110.0,101.0,103.0,114.0,101.0,107.0,117.0,104.0,91.0,94.3,101.0,101.0,107.0,114.0,140.0,144.0,201.0
M.0.EL,TTO,HISTCR,PRIMAP-hist_v2.3.1,Gg CO2 / yr,CO2-total-excl-LU,19000.0,19100.0,21000.0,19300.0,20100.0,19600.0,24000.0,24300.0,30200.0,30500.0,32900.0,36500.0,39100.0,43500.0,44900.0,51200.0,58200.0,60900.0,59100.0,60000.0,62900.0,61800.0,60300.0,59700.0,60800.0,59800.0,53800.0,54500.0,52900.0,52700.0
M.0.EL,TUN,HISTCR,PRIMAP-hist_v2.3.1,Gg CO2 / yr,CO2-total-excl-LU,13300.0,15700.0,15300.0,16800.0,16200.0,16000.0,17000.0,17200.0,18300.0,18700.0,20300.0,21000.0,21000.0,21400.0,22400.0,22800.0,23200.0,24400.0,25400.0,25400.0,28100.0,26700.0,28200.0,28400.0,29200.0,30300.0,29800.0,29800.0,25300.0,26500.0
M.0.EL,TUR,HISTCR,PRIMAP-hist_v2.3.1,Gg CO2 / yr,CO2-total-excl-LU,155000.0,159000.0,166000.0,172000.0,170000.0,183000.0,201000.0,214000.0,215000.0,211000.0,232000.0,215000.0,222000.0,238000.0,247000.0,266000.0,285000.0,314000.0,312000.0,317000.0,316000.0,342000.0,356000.0,348000.0,364000.0,384000.0,404000.0,428000.0,422000.0,402000.0
M.0.EL,TUV,HISTCR,PRIMAP-hist_v2.3.1,Gg CO2 / yr,CO2-total-excl-LU,7.34,7.34,7.34,7.34,7.34,7.34,7.34,7.34,7.35,7.35,7.35,7.35,11.0,11.0,11.0,11.0,7.35,11.0,11.0,11.0,7.35,7.35,11.0,11.0,11.0,11.0,11.0,11.0,11.3,15.9
M.0.EL,TZA,HISTCR,PRIMAP-hist_v2.3.1,Gg CO2 / yr,CO2-total-excl-LU,2250.0,2400.0,2310.0,2580.0,2220.0,2550.0,2670.0,2960.0,2620.0,2590.0,2710.0,3180.0,3640.0,3850.0,4400.0,5600.0,6060.0,5870.0,6070.0,5930.0,7100.0,7940.0,9220.0,10100.0,10100.0,10800.0,11100.0,11500.0,11900.0,12800.0
M.0.EL,UGA,HISTCR,PRIMAP-hist_v2.3.1,Gg CO2 / yr,CO2-total-excl-LU,820.0,841.0,860.0,862.0,775.0,996.0,1100.0,1140.0,1280.0,1340.0,1450.0,1510.0,1540.0,1620.0,1720.0,2130.0,2490.0,2860.0,2920.0,3150.0,3740.0,3990.0,3810.0,3950.0,4310.0,4710.0,5000.0,5420.0,5420.0,5670.0
M.0.EL,UKR,HISTCR,PRIMAP-hist_v2.3.1,Gg CO2 / yr,CO2-total-excl-LU,706000.0,633000.0,589000.0,510000.0,419000.0,390000.0,351000.0,340000.0,329000.0,298000.0,285000.0,304000.0,296000.0,307000.0,310000.0,313000.0,333000.0,336000.0,326000.0,277000.0,294000.0,308000.0,304000.0,297000.0,258000.0,224000.0,234000.0,223000.0,232000.0,223000.0
M.0.EL,URY,HISTCR,PRIMAP-hist_v2.3.1,Gg CO2 / yr,CO2-total-excl-LU,4240.0,4820.0,5450.0,4730.0,4330.0,4850.0,5770.0,5870.0,6030.0,7040.0,5510.0,5010.0,4450.0,4390.0,5580.0,5730.0,6560.0,5920.0,8040.0,7940.0,6300.0,7620.0,8590.0,7530.0,6740.0,6920.0,6870.0,6470.0,9020.0,9040.0
M.0.EL,USA,HISTCR,PRIMAP-hist_v2.3.1,Gg CO2 / yr,CO2-total-excl-LU,5250000.0,5200000.0,5310000.0,5410000.0,5510000.0,5570000.0,5750000.0,5820000.0,5860000.0,5930000.0,6130000.0,6030000.0,6060000.0,6120000.0,6220000.0,6240000.0,6150000.0,6230000.0,6010000.0,5560000.0,5760000.0,5620000.0,5420000.0,5550000.0,5600000.0,5460000.0,5330000.0,5290000.0,5460000.0,5330000.0
M.0.EL,UZB,HISTCR,PRIMAP-hist_v2.3.1,Gg CO2 / yr,CO2-total-excl-LU,114000.0,114000.0,107000.0,108000.0,104000.0,104000.0,108000.0,106000.0,103000.0,107000.0,112000.0,112000.0,116000.0,112000.0,109000.0,106000.0,109000.0,108000.0,118000.0,111000.0,106000.0,109000.0,110000.0,104000.0,98500.0,96600.0,99600.0,99200.0,105000.0,105000.0
M.0.EL,VCT,HISTCR,PRIMAP-hist_v2.3.1,Gg CO2 / yr,CO2-total-excl-LU,82.8,79.7,74.8,86.5,96.5,103.0,107.0,108.0,144.0,165.0,157.0,188.0,191.0,200.0,219.0,219.0,216.0,259.0,191.0,310.0,219.0,197.0,252.0,209.0,274.0,212.0,252.0,256.0,264.0,273.0
M.0.EL,VEN,HISTCR,PRIMAP-hist_v2.3.1,Gg CO2 / yr,CO2-total-excl-LU,121000.0,114000.0,104000.0,121000.0,125000.0,132000.0,125000.0,137000.0,178000.0,185000.0,156000.0,179000.0,196000.0,195000.0,154000.0,163000.0,164000.0,150000.0,166000.0,168000.0,186000.0,169000.0,196000.0,186000.0,185000.0,168000.0,157000.0,136000.0,119000.0,102000.0
M.0.EL,VNM,HISTCR,PRIMAP-hist_v2.3.1,Gg CO2 / yr,CO2-total-excl-LU,21500.0,21800.0,22300.0,23700.0,28800.0,34000.0,38900.0,43500.0,48800.0,54700.0,59300.0,68700.0,78000.0,87600.0,97900.0,109000.0,116000.0,126000.0,135000.0,145000.0,154000.0,163000.0,172000.0,182000.0,191000.0,211000.0,232000.0,237000.0,283000.0,331000.0
M.0.EL,VUT,HISTCR,PRIMAP-hist_v2.3.1,Gg CO2 / yr,CO2-total-excl-LU,68.1,68.2,64.5,64.6,64.6,68.4,86.8,86.8,83.2,86.9,87.0,90.7,87.1,87.2,61.5,61.6,50.6,102.0,98.5,124.0,124.0,135.0,117.0,109.0,157.0,135.0,150.0,143.0,147.0,205.0
M.0.EL,WSM,HISTCR,PRIMAP-hist_v2.3.1,Gg CO2 / yr,CO2-total-excl-LU,104.0,108.0,111.0,111.0,115.0,119.0,126.0,130.0,133.0,137.0,144.0,148.0,148.0,155.0,152.0,163.0,166.0,174.0,181.0,188.0,188.0,203.0,199.0,199.0,210.0,236.0,247.0,245.0,252.0,353.0
M.0.EL,YEM,HISTCR,PRIMAP-hist_v2.3.1,Gg CO2 / yr,CO2-total-excl-LU,9710.0,9320.0,10100.0,8810.0,10100.0,11300.0,11900.0,13000.0,14000.0,16300.0,17600.0,18500.0,17400.0,18900.0,19900.0,20900.0,22200.0,21600.0,22300.0,23900.0,22400.0,22800.0,23400.0,31700.0,30700.0,16400.0,13200.0,12700.0,20300.0,20600.0
M.0.EL,ZAF,HISTCR,PRIMAP-hist_v2.3.1,Gg CO2 / yr,CO2-total-excl-LU,274000.0,284000.0,262000.0,279000.0,298000.0,317000.0,321000.0,342000.0,338000.0,336000.0,367000.0,366000.0,379000.0,402000.0,420000.0,414000.0,422000.0,450000.0,450000.0,440000.0,447000.0,461000.0,443000.0,455000.0,485000.0,460000.0,464000.0,472000.0,456000.0,465000.0
M.0.EL,ZMB,HISTCR,PRIMAP-hist_v2.3.1,Gg CO2 / yr,CO2-total-excl-LU,2490.0,2450.0,2480.0,2530.0,2440.0,2180.0,1880.0,2460.0,2320.0,1820.0,1820.0,1930.0,2010.0,2120.0,2140.0,2290.0,2280.0,1920.0,2160.0,2460.0,2650.0,2880.0,3600.0,3880.0,4270.0,4360.0,4730.0,6500.0,7030.0,7090.0
M.0.EL,ZWE,HISTCR,PRIMAP-hist_v2.3.1,Gg CO2 / yr,CO2-total-excl-LU,15600.0,15900.0,16900.0,15500.0,17400.0,17500.0,18700.0,19600.0,21200.0,26300.0,25300.0,21700.0,19600.0,16300.0,13400.0,13600.0,11400.0,10800.0,8410.0,5980.0,8620.0,10400.0,8440.0,12500.0,12900.0,13000.0,11700.0,11300.0,11900.0,11900.0
